perfil,semiancho_faja_m,n_ground_faja,bins_total,bins_validos_n_ge_3,cobertura_total_pct,cobertura_30_100m_pct,hueco_max_total_m,hueco_max_30_100m_m,cobertura_30_170m_pct,hueco_max_30_170m_m,cobertura_40_80m_pct,clase_soporte_directo
P1,2.5,9346,180,124,68.889,82.857,19.0,8.0,80.0,9.0,90.0,A - high direct support
P1,5.0,18857,180,145,80.556,92.857,18.0,3.0,87.143,8.0,95.0,A - high direct support
P1,7.5,27975,180,154,85.556,95.714,18.0,3.0,90.714,8.0,100.0,A - high direct support
P2,2.5,3950,180,86,47.778,51.429,26.0,11.0,46.429,26.0,55.0,C - insufficient direct support
P2,5.0,9036,180,126,70.0,80.0,10.0,9.0,68.571,10.0,80.0,B - moderate direct support
P2,7.5,16385,180,148,82.222,87.143,9.0,9.0,80.0,9.0,92.5,A - high direct support
P3,2.5,3354,180,78,43.333,65.714,25.0,9.0,50.0,19.0,50.0,C - insufficient direct support
P3,5.0,6948,180,112,62.222,84.286,19.0,4.0,70.0,16.0,75.0,B - moderate direct support
P3,7.5,10658,180,140,77.778,94.286,16.0,3.0,81.429,16.0,92.5,B - moderate direct support
P4,2.5,2680,180,66,36.667,40.0,33.0,33.0,31.429,33.0,22.5,C - insufficient direct support
P4,5.0,6577,180,99,55.0,58.571,26.0,26.0,50.714,26.0,35.0,C - insufficient direct support
P4,7.5,11281,180,128,71.111,72.857,15.0,15.0,67.143,15.0,57.5,B - moderate direct support
P5,2.5,8818,180,142,78.889,75.714,11.0,11.0,83.571,11.0,72.5,B - moderate direct support
P5,5.0,18328,180,166,92.222,98.571,8.0,1.0,97.143,3.0,97.5,A - high direct support
P5,7.5,27173,180,170,94.444,100.0,8.0,0.0,100.0,0.0,100.0,A - high direct support
P6,2.5,6742,180,104,57.778,77.143,19.0,9.0,62.143,19.0,87.5,B - moderate direct support
P6,5.0,13135,180,132,73.333,87.143,13.0,8.0,79.286,9.0,97.5,B - moderate direct support
P6,7.5,21085,180,156,86.667,98.571,12.0,1.0,92.857,8.0,97.5,A - high direct support
P7,2.5,8291,180,121,67.222,80.0,24.0,12.0,73.571,14.0,90.0,B - moderate direct support
P7,5.0,16488,180,149,82.778,87.143,8.0,8.0,82.857,8.0,95.0,A - high direct support
P7,7.5,23483,180,157,87.222,91.429,8.0,6.0,87.143,8.0,97.5,A - high direct support
P8,2.5,6424,180,113,62.778,38.571,41.0,41.0,53.571,41.0,5.0,C - insufficient direct support
P8,5.0,13559,180,127,70.556,41.429,41.0,41.0,62.857,41.0,5.0,C - insufficient direct support
P8,7.5,20088,180,134,74.444,47.143,37.0,37.0,67.143,37.0,7.5,C - insufficient direct support
P9,2.5,9864,180,133,73.889,71.429,12.0,7.0,66.429,12.0,67.5,B - moderate direct support
P9,5.0,19494,180,166,92.222,88.571,5.0,5.0,90.0,5.0,87.5,A - high direct support
P9,7.5,28322,180,174,96.667,94.286,3.0,3.0,95.714,3.0,92.5,A - high direct support
P10,2.5,14797,180,169,93.889,100.0,10.0,0.0,92.143,10.0,100.0,A - high direct support
P10,5.0,29275,180,175,97.222,100.0,3.0,0.0,96.429,3.0,100.0,A - high direct support
P10,7.5,43472,180,178,98.889,100.0,1.0,0.0,98.571,1.0,100.0,A - high direct support
P11,2.5,14220,180,161,89.444,94.286,6.0,3.0,88.571,4.0,90.0,A - high direct support
P11,5.0,28477,180,175,97.222,100.0,3.0,0.0,96.429,3.0,100.0,A - high direct support
P11,7.5,42741,180,179,99.444,100.0,1.0,0.0,99.286,1.0,100.0,A - high direct support
P12,2.5,8165,180,105,58.333,45.714,59.0,29.0,51.429,59.0,55.0,C - insufficient direct support
P12,5.0,17140,180,122,67.778,60.0,55.0,27.0,60.0,55.0,80.0,C - insufficient direct support
P12,7.5,26437,180,139,77.222,62.857,41.0,26.0,70.714,41.0,85.0,C - insufficient direct support
P13,2.5,3094,180,50,27.778,15.714,71.0,38.0,27.857,71.0,27.5,C - insufficient direct support
P13,5.0,6942,180,73,40.556,35.714,71.0,38.0,42.857,71.0,52.5,C - insufficient direct support
P13,7.5,11178,180,84,46.667,42.857,71.0,38.0,47.857,71.0,55.0,C - insufficient direct support
P14,2.5,1445,180,22,12.222,27.143,122.0,42.0,13.571,112.0,40.0,C - insufficient direct support
P14,5.0,3070,180,30,16.667,35.714,122.0,42.0,17.857,112.0,45.0,C - insufficient direct support
P14,7.5,5311,180,38,21.111,37.143,122.0,42.0,18.571,112.0,45.0,C - insufficient direct support
P15,2.5,5998,180,61,33.889,44.286,118.0,39.0,22.143,109.0,52.5,C - insufficient direct support
P15,5.0,11330,180,62,34.444,44.286,118.0,39.0,22.143,109.0,52.5,C - insufficient direct support
P15,7.5,15680,180,62,34.444,44.286,118.0,39.0,22.143,109.0,52.5,C - insufficient direct support
P16,2.5,7701,180,105,58.333,44.286,54.0,38.0,60.714,54.0,55.0,C - insufficient direct support
P16,5.0,16612,180,109,60.556,48.571,51.0,36.0,63.571,51.0,60.0,C - insufficient direct support
P16,7.5,26386,180,111,61.667,48.571,51.0,36.0,63.571,51.0,60.0,C - insufficient direct support
P17,2.5,7909,180,95,52.778,20.0,69.0,56.0,50.714,69.0,10.0,C - insufficient direct support
P17,5.0,15418,180,101,56.111,20.0,69.0,56.0,50.714,69.0,10.0,C - insufficient direct support
P17,7.5,22754,180,107,59.444,20.0,65.0,56.0,53.571,65.0,10.0,C - insufficient direct support
P18,2.5,8690,180,126,70.0,58.571,22.0,15.0,77.143,15.0,62.5,B - moderate direct support
P18,5.0,17949,180,144,80.0,74.286,18.0,15.0,87.143,15.0,62.5,B - moderate direct support
P18,7.5,26640,180,148,82.222,78.571,17.0,15.0,89.286,15.0,62.5,B - moderate direct support
P19,2.5,8232,180,107,59.444,42.857,39.0,39.0,57.143,39.0,42.5,C - insufficient direct support
P19,5.0,16255,180,118,65.556,51.429,34.0,34.0,64.286,34.0,47.5,C - insufficient direct support
P19,7.5,25112,180,130,72.222,55.714,31.0,31.0,70.714,31.0,47.5,C - insufficient direct support
P20,2.5,7869,180,109,60.556,50.0,58.0,35.0,53.571,58.0,62.5,C - insufficient direct support
P20,5.0,15524,180,118,65.556,52.857,56.0,33.0,60.0,56.0,67.5,C - insufficient direct support
P20,7.5,22486,180,121,67.222,52.857,55.0,33.0,60.714,55.0,67.5,C - insufficient direct support
P21,2.5,7091,180,109,60.556,35.714,53.0,33.0,51.429,53.0,42.5,C - insufficient direct support
P21,5.0,14499,180,127,70.556,51.429,48.0,29.0,62.143,48.0,70.0,C - insufficient direct support
P21,7.5,21893,180,130,72.222,54.286,47.0,29.0,64.286,47.0,70.0,C - insufficient direct support
P22,2.5,8023,180,105,58.333,25.714,38.0,38.0,47.143,38.0,17.5,C - insufficient direct support
P22,5.0,16774,180,127,70.556,40.0,26.0,26.0,62.143,26.0,35.0,C - insufficient direct support
P22,7.5,25708,180,149,82.778,60.0,22.0,22.0,77.857,22.0,52.5,C - insufficient direct support
P23,2.5,7688,180,134,74.444,51.429,20.0,20.0,70.714,20.0,60.0,B - moderate direct support
P23,5.0,16154,180,160,88.889,71.429,16.0,16.0,85.714,16.0,70.0,B - moderate direct support
P23,7.5,25909,180,166,92.222,80.0,12.0,12.0,90.0,12.0,85.0,B - moderate direct support
P24,2.5,15260,180,164,91.111,95.714,9.0,3.0,89.286,9.0,92.5,A - high direct support
P24,5.0,30894,180,176,97.778,100.0,4.0,0.0,97.143,4.0,100.0,A - high direct support
P24,7.5,45913,180,180,100.0,100.0,0.0,0.0,100.0,0.0,100.0,A - high direct support
P25,2.5,4322,180,50,27.778,5.714,79.0,36.0,17.857,79.0,10.0,C - insufficient direct support
P25,5.0,9100,180,65,36.111,24.286,54.0,35.0,27.857,54.0,35.0,C - insufficient direct support
P25,7.5,14580,180,89,49.444,55.714,48.0,28.0,44.286,48.0,55.0,C - insufficient direct support
P26,2.5,4300,180,51,28.333,0.0,124.0,70.0,22.143,109.0,0.0,C - insufficient direct support
P26,5.0,8838,180,58,32.222,0.0,122.0,70.0,22.143,109.0,0.0,C - insufficient direct support
P26,7.5,13111,180,59,32.778,0.0,121.0,70.0,22.857,108.0,0.0,C - insufficient direct support
P27,2.5,3044,180,36,20.0,0.0,125.0,70.0,22.143,102.0,0.0,C - insufficient direct support
P27,5.0,6008,180,42,23.333,0.0,122.0,70.0,23.571,101.0,0.0,C - insufficient direct support
P27,7.5,8802,180,44,24.444,0.0,121.0,70.0,24.286,101.0,0.0,C - insufficient direct support
P28,2.5,2717,180,31,17.222,0.0,122.0,70.0,22.143,92.0,0.0,C - insufficient direct support
P28,5.0,5362,180,34,18.889,0.0,121.0,70.0,24.286,91.0,0.0,C - insufficient direct support
P28,7.5,7946,180,37,20.556,0.0,119.0,70.0,26.429,89.0,0.0,C - insufficient direct support
P29,2.5,2404,180,37,20.556,14.286,58.0,48.0,26.429,58.0,15.0,C - insufficient direct support
P29,5.0,5943,180,57,31.667,40.0,44.0,35.0,40.714,44.0,52.5,C - insufficient direct support
P29,7.5,9670,180,62,34.444,45.714,43.0,34.0,44.286,43.0,62.5,C - insufficient direct support
P30,2.5,5376,180,59,32.778,47.143,49.0,31.0,42.143,39.0,72.5,C - insufficient direct support
P30,5.0,9658,180,61,33.889,48.571,48.0,30.0,43.571,38.0,75.0,C - insufficient direct support
P30,7.5,13720,180,62,34.444,48.571,48.0,30.0,44.286,38.0,75.0,C - insufficient direct support
P31,2.5,4147,180,57,31.667,28.571,52.0,32.0,32.143,42.0,50.0,C - insufficient direct support
P31,5.0,8516,180,67,37.222,40.0,51.0,31.0,38.571,41.0,67.5,C - insufficient direct support
P31,7.5,12822,180,71,39.444,42.857,49.0,31.0,41.429,39.0,72.5,C - insufficient direct support
P32,2.5,2206,180,29,16.111,7.143,51.0,45.0,20.714,50.0,12.5,C - insufficient direct support
P32,5.0,4832,180,39,21.667,21.429,51.0,45.0,27.857,50.0,32.5,C - insufficient direct support
P32,7.5,7846,180,49,27.222,27.143,50.0,43.0,31.429,48.0,40.0,C - insufficient direct support
