number,name,x0,y0,x1,y1,ux,uy,length,azimuth_deg,trace_x,trace_y
1,P1,187688.219,9887326.458,187864.732,9887361.714,0.9806304305540788,0.19586719651672643,179.99951306859126,78.70461275494091,187747.05682583325,9887338.21003179
2,P2,187683.943,9887347.926,187861.136,9887379.589,0.9844070015119165,0.1759058139298341,179.99973560514576,79.86862481852745,187743.00742009073,9887358.480348837
3,P3,187680.522,9887369.7,187858.392,9887397.308,0.9881676035346051,0.15337792319846943,179.99982934450293,81.17726677722965,187739.81205621207,9887378.90267539
4,P4,187677.536,9887388.504,187854.591,9887420.93,0.9836401260153981,0.18014467100753145,179.99977361356787,79.62181340679092,187736.5544075609,9887399.312680261
5,P5,187674.483,9887402.973,187847.525,9887452.537,0.9613426069152154,0.27535502924308014,180.00034405553814,74.01682730137418,187732.16355641492,9887419.494301753
6,P6,187668.971,9887418.982,187838.588,9887479.232,0.9423168238794439,0.3347222780660962,179.9999699694404,70.4443492929907,187725.51000943276,9887439.065336686
7,P7,187662.096,9887437.204,187830.482,9887500.814,0.9354766647932844,0.3533884684412227,180.0002141552162,69.30529038171574,187718.2245998876,9887458.407308107
8,P8,187653.813,9887466.041,187830.066,9887502.577,0.9791833438350308,0.2029777799564473,179.99999806950498,78.28885423886231,187712.5640006301,9887478.219666796
9,P9,187649.617,9887486.281,187825.87,9887522.817,0.9791833438350308,0.2029777799564473,179.99999806950498,78.28885423886231,187708.36800063011,9887498.459666796
10,P10,187645.844,9887504.638,187820.83,9887546.826,0.9721455315088545,0.23437803985733505,179.99979872188663,76.44503680144618,187704.17273189055,9887518.700682392
11,P11,187641.441,9887518.117,187810.884,9887578.855,0.9413494931097667,0.33743315163449095,180.00009692493805,70.27943525738829,187697.92196958658,9887538.362989098
12,P12,187634.466,9887537.575,187803.909,9887598.314,0.94134772842018,0.33743807461246456,180.00043436063388,70.27913561721539,187690.9468637052,9887557.821284477
13,P13,187626.286,9887564.215,187801.815,9887604.082,0.9751640075625397,0.22148399119251694,179.99946536044854,77.20379010479712,187684.79584045373,9887577.504039472
14,P14,187622.098,9887585.291,187798.156,9887622.76,0.9780947876586441,0.20816000181348965,180.00095923365086,77.98545459185425,187680.7836872595,9887597.780600108
15,P15,187617.884,9887603.728,187792.769,9887646.334,0.9715828166395535,0.2366998741249175,180.0000957251282,76.30815425701621,187676.17896899837,9887617.929992449
16,P16,187614.496,9887616.08,187782.361,9887681.052,0.9325830597628938,0.3609554496655771,180.00005280244937,68.841114947893,187670.4509835858,9887637.73732698
17,P17,187607.22,9887632.335,187771.796,9887705.239,0.9143075414825511,0.4050206409408454,180.00070275384658,66.10757938535585,187662.07845248896,9887656.636238458
18,P18,187597.811,9887655.684,187767.407,9887715.993,0.9422003097477877,0.3350501101494713,179.99994082512853,70.4244148554186,187654.34301858486,9887675.78700661
19,P19,187591.276,9887673.191,187758.793,9887739.056,0.9306479388751827,0.36591585626667533,180.0003986496334,68.53604306827867,187647.11487633252,9887695.145951375
20,P20,187582.498,9887699.374,187756.522,9887745.371,0.9667988573734122,0.25553858687381154,180.00021273586447,75.1944987120703,187640.5059314424,9887714.706315212
21,P21,187576.595,9887725.153,187754.236,9887754.2,0.9868936358939912,0.16137209000300606,180.00014747190534,80.71345379944603,187635.80861815365,9887734.835325401
22,P22,187574.277,9887751.422,187753.878,9887763.41,0.9977797711273669,0.06659976222944819,180.00064262384106,86.18128815104387,187634.14378626764,9887755.417985734
23,P23,187573.133,9887773.896,187753.016,9887780.388,0.9993493869269885,0.03606664454384759,180.00011042498764,87.9330852130663,187633.09396321562,9887776.059998672
24,P24,187572.108,9887792.266,187751.617,9887805.552,0.99727223950583,0.07381111238171698,179.9999968804321,85.76708528649101,187631.94433437035,9887796.694666743
25,P25,187570.499,9887814.206,187750.258,9887823.516,0.9986615090190885,0.0517222428333993,179.99992828055917,87.03521087945637,187630.41869054115,9887817.30933457
26,P26,187569.856,9887837.042,187749.835,9887839.83,0.9998800407553275,0.015488837888123885,180.0005927351372,89.1125194719998,187629.8488024453,9887837.971330272
27,P27,187570.241,9887861.409,187750.048,9887853.074,0.9989273234198748,-0.046305534498644295,180.0000818722457,92.65406074568523,187630.1766394052,9887858.63066793
28,P28,187571.773,9887883.979,187751.213,9887869.792,0.9968891262804617,-0.07881668544018865,179.99995713617528,94.52055202599229,187631.5863475768,9887879.249998873
29,P29,187571.821,9887895.038,187751.24,9887909.489,0.9967720843664495,0.08028332222674711,180.0000248943905,85.39514871359091,187631.62732506197,9887899.854999334
30,P30,187570.051,9887914.235,187749.087,9887932.842,0.9946427599227475,0.10337204715618098,180.000304847037,84.06661867322805,187629.72956559536,9887920.437322829
31,P31,187568.24,9887931.949,187746.184,9887959.078,0.9885770183886671,0.1507165508952909,180.00013826950766,81.33154599656905,187627.5546211033,9887940.991993053
32,P32,187564.69,9887949.608,187741.258,9887984.594,0.980929112620911,0.19436583036313804,180.00077449861112,78.79232044406581,187623.54574675727,9887961.269949822
