perfil,distancia_m,dtm_agisoft_m
P32,0.0,599.7929077148438
P32,0.5,599.7584228515625
P32,1.0,599.7220458984375
P32,1.5,599.68359375
P32,2.0,599.6434326171875
P32,2.5,599.601806640625
P32,3.0,599.5592041015625
P32,3.5,599.5153198242188
P32,4.0,599.4706420898438
P32,4.5,599.4257202148438
P32,5.0,599.386962890625
P32,5.5,599.35595703125
P32,6.0,599.3322143554688
P32,6.5,599.3153686523438
P32,7.0,599.3051147460938
P32,7.5,599.301025390625
P32,8.0,599.3028564453125
P32,8.5,599.3101806640625
P32,9.0,599.32275390625
P32,9.5,599.3402709960938
P32,10.0,599.3626708984375
P32,10.5,599.389404296875
P32,11.0,599.4203491210938
P32,11.5,599.4549560546875
P32,12.0,599.4931030273438
P32,12.5,599.53466796875
P32,13.0,599.5797119140625
P32,13.5,599.6279907226562
P32,14.0,599.679443359375
P32,14.5,599.734130859375
P32,15.0,599.791748046875
P32,15.5,599.8523559570312
P32,16.0,599.9158325195312
P32,16.5,599.9819946289062
P32,17.0,600.0508422851562
P32,17.5,600.121337890625
P32,18.0,600.1903076171875
P32,18.5,600.2577514648438
P32,19.0,600.323486328125
P32,19.5,600.3878173828125
P32,20.0,600.4503784179688
P32,20.5,600.5111083984375
P32,21.0,600.5701293945312
P32,21.5,600.62744140625
P32,22.0,600.6829223632812
P32,22.5,600.7366333007812
P32,23.0,600.7886962890625
P32,23.5,600.8389892578125
P32,24.0,600.8875732421875
P32,24.5,600.9343872070312
P32,25.0,600.9793701171875
P32,25.5,601.0225219726562
P32,26.0,601.0637817382812
P32,26.5,601.1030883789062
P32,27.0,601.1404418945312
P32,27.5,601.1757202148438
P32,28.0,601.2088623046875
P32,28.5,601.2398071289062
P32,29.0,601.2684326171875
P32,29.5,601.294677734375
P32,30.0,601.3184814453125
P32,30.5,601.3418579101562
P32,31.0,601.3673706054688
P32,31.5,601.394775390625
P32,32.0,601.4244384765625
P32,32.5,601.456298828125
P32,33.0,601.4906616210938
P32,33.5,601.5274658203125
P32,34.0,601.5669555664062
P32,34.5,601.6090087890625
P32,35.0,601.6539916992188
P32,35.5,601.7018432617188
P32,36.0,601.7527465820312
P32,36.5,601.8067016601562
P32,37.0,601.85888671875
P32,37.5,601.9075927734375
P32,38.0,601.9532470703125
P32,38.5,601.9966430664062
P32,39.0,602.0379028320312
P32,39.5,602.0775146484375
P32,40.0,602.1223754882812
P32,40.5,602.1905517578125
P32,41.0,602.2828979492188
P32,41.5,602.3990478515625
P32,42.0,602.5389404296875
P32,42.5,602.7027587890625
P32,43.0,602.8875732421875
P32,43.5,603.0703735351562
P32,44.0,603.2489013671875
P32,44.5,603.4332885742188
P32,45.0,603.5884399414062
P32,45.5,603.6943969726562
P32,46.0,603.7313842773438
P32,46.5,603.6988525390625
P32,47.0,603.6956787109375
P32,47.5,603.71142578125
P32,48.0,603.73095703125
P32,48.5,603.7346801757812
P32,49.0,603.7120361328125
P32,49.5,603.6793823242188
P32,50.0,603.6658935546875
P32,50.5,603.6710205078125
P32,51.0,603.692626953125
P32,51.5,603.6873168945312
P32,52.0,603.6288452148438
P32,52.5,603.7176513671875
P32,53.0,603.7617797851562
P32,53.5,603.79736328125
P32,54.0,603.853759765625
P32,54.5,603.8717651367188
P32,55.0,603.8674926757812
P32,55.5,603.8319702148438
P32,56.0,603.7578735351562
P32,56.5,603.6959228515625
P32,57.0,603.6482543945312
P32,57.5,603.6087646484375
P32,58.0,603.5798950195312
P32,58.5,603.562255859375
P32,59.0,603.5548706054688
P32,59.5,603.555908203125
P32,60.0,603.5640869140625
P32,60.5,603.5796508789062
P32,61.0,603.6022338867188
P32,61.5,603.6321411132812
P32,62.0,603.6689453125
P32,62.5,603.711181640625
P32,63.0,603.755126953125
P32,63.5,603.8009033203125
P32,64.0,603.8486328125
P32,64.5,603.8982543945312
P32,65.0,603.9498291015625
P32,65.5,604.00341796875
P32,66.0,604.05908203125
P32,66.5,604.1167602539062
P32,67.0,604.1766967773438
P32,67.5,604.2388305664062
P32,68.0,604.30322265625
P32,68.5,604.369873046875
P32,69.0,604.4428100585938
P32,69.5,604.5264892578125
P32,70.0,604.6202392578125
P32,70.5,604.724609375
P32,71.0,604.8388061523438
P32,71.5,604.9634399414062
P32,72.0,605.0977783203125
P32,72.5,605.2422485351562
P32,73.0,605.396240234375
P32,73.5,605.5601196289062
P32,74.0,605.7333374023438
P32,74.5,605.9160766601562
P32,75.0,606.1077880859375
P32,75.5,606.3090209960938
P32,76.0,606.5189819335938
P32,76.5,606.7379760742188
P32,77.0,606.9653930664062
P32,77.5,607.2014770507812
P32,78.0,607.4456176757812
P32,78.5,607.6978759765625
P32,79.0,607.9577026367188
P32,79.5,608.2252807617188
P32,80.0,608.5
P32,80.5,608.7820434570312
P32,81.0,609.0708618164062
P32,81.5,609.3657836914062
P32,82.0,609.6558227539062
P32,82.5,609.9378051757812
P32,83.0,610.211669921875
P32,83.5,610.4777221679688
P32,84.0,610.73583984375
P32,84.5,610.9862060546875
P32,85.0,611.2288818359375
P32,85.5,611.4638061523438
P32,86.0,611.691162109375
P32,86.5,611.9110107421875
P32,87.0,612.12353515625
P32,87.5,612.3287963867188
P32,88.0,612.5269165039062
P32,88.5,612.7179565429688
P32,89.0,612.9019165039062
P32,89.5,613.0791625976562
P32,90.0,613.2494506835938
P32,90.5,613.4132080078125
P32,91.0,613.5703125
P32,91.5,613.7208862304688
P32,92.0,613.864990234375
P32,92.5,614.0028076171875
P32,93.0,614.13427734375
P32,93.5,614.2597045898438
P32,94.0,614.3789672851562
P32,94.5,614.4925537109375
P32,95.0,614.6016845703125
P32,95.5,614.70654296875
P32,96.0,614.8068237304688
P32,96.5,614.9029541015625
P32,97.0,614.9945678710938
P32,97.5,615.0818481445312
P32,98.0,615.1646728515625
P32,98.5,615.2432250976562
P32,99.0,615.3172607421875
P32,99.5,615.3870849609375
P32,100.0,615.4523315429688
P32,100.5,615.5133056640625
P32,101.0,615.5697631835938
P32,101.5,615.621826171875
P32,102.0,615.6689453125
P32,102.5,615.7113647460938
P32,103.0,615.7485961914062
P32,103.5,615.7808227539062
P32,104.0,615.8075561523438
P32,104.5,615.8294067382812
P32,105.0,615.8458862304688
P32,105.5,615.8573608398438
P32,106.0,615.8630981445312
P32,106.5,615.8416137695312
P32,107.0,615.85986328125
P32,107.5,615.7029418945312
P32,108.0,615.7205810546875
P32,108.5,615.7438354492188
P32,109.0,615.7394409179688
P32,109.5,615.73388671875
P32,110.0,615.7637939453125
P32,110.5,615.7496948242188
P32,111.0,615.7212524414062
P32,111.5,615.6680297851562
P32,112.0,615.6580810546875
P32,112.5,615.6166381835938
P32,113.0,615.5831298828125
P32,113.5,615.5969848632812
P32,114.0,615.58740234375
P32,114.5,615.5116577148438
P32,115.0,615.4974975585938
P32,115.5,615.4317626953125
P32,116.0,615.5783081054688
P32,116.5,615.6617431640625
P32,117.0,615.611328125
P32,117.5,615.6072998046875
P32,118.0,615.5670776367188
P32,118.5,615.49267578125
P32,119.0,615.2377319335938
P32,119.5,615.1289672851562
P32,120.0,615.1177368164062
P32,120.5,615.1804809570312
P32,121.0,615.1847534179688
P32,121.5,615.1397705078125
P32,122.0,615.121337890625
P32,122.5,615.064208984375
P32,123.0,614.943359375
P32,123.5,614.9666748046875
P32,124.0,614.9136352539062
P32,124.5,614.7998657226562
P32,125.0,614.7916870117188
P32,125.5,614.8089599609375
P32,126.0,614.7825927734375
P32,126.5,614.6864624023438
P32,127.0,614.6194458007812
P32,127.5,614.7291259765625
P32,128.0,615.0264282226562
P32,128.5,614.9884643554688
P32,129.0,614.9611206054688
P32,129.5,614.9737548828125
P32,130.0,614.9999389648438
P32,130.5,615.0384521484375
P32,131.0,615.088623046875
P32,131.5,615.147705078125
P32,132.0,615.2113647460938
P32,132.5,615.2796630859375
P32,133.0,615.3509521484375
P32,133.5,615.4192504882812
P32,134.0,615.4844360351562
P32,134.5,615.5462036132812
P32,135.0,615.6046752929688
P32,135.5,615.6596069335938
P32,136.0,615.7112426757812
P32,136.5,615.7593994140625
P32,137.0,615.8041381835938
P32,137.5,615.8453369140625
P32,138.0,615.8831176757812
P32,138.5,615.9174194335938
P32,139.0,615.9483032226562
P32,139.5,615.9763793945312
P32,140.0,616.0032958984375
P32,140.5,616.0291748046875
P32,141.0,616.0540161132812
P32,141.5,616.0776977539062
P32,142.0,616.100341796875
P32,142.5,616.1217651367188
P32,143.0,616.1421508789062
P32,143.5,616.1614990234375
P32,144.0,616.1797485351562
P32,144.5,616.1968994140625
P32,145.0,616.212890625
P32,145.5,616.2278442382812
P32,146.0,616.2421264648438
P32,146.5,616.2562866210938
P32,147.0,616.2702026367188
P32,147.5,616.2840576171875
P32,148.0,616.2976684570312
P32,148.5,616.3111572265625
P32,149.0,616.324462890625
P32,149.5,616.337646484375
P32,150.0,616.3505859375
P32,150.5,616.363525390625
P32,151.0,616.376220703125
P32,151.5,616.3887329101562
P32,152.0,616.4011840820312
P32,152.5,616.4135131835938
P32,153.0,616.4255981445312
P32,153.5,616.4375610351562
P32,154.0,616.4494018554688
P32,154.5,616.4610595703125
P32,155.0,616.4725341796875
P32,155.5,616.4839477539062
P32,156.0,616.4951782226562
P32,156.5,616.5062255859375
P32,157.0,616.5171508789062
P32,157.5,616.5279541015625
P32,158.0,616.53857421875
P32,158.5,616.5491333007812
P32,159.0,616.5596313476562
P32,159.5,616.5701904296875
P32,160.0,616.580810546875
P32,160.5,616.5914916992188
P32,161.0,616.6021728515625
P32,161.5,616.6129150390625
P32,162.0,616.6236572265625
P32,162.5,616.6344604492188
P32,163.0,616.6453247070312
P32,163.5,616.6561889648438
P32,164.0,616.6671142578125
P32,164.5,616.6780395507812
P32,165.0,616.6890258789062
P32,165.5,616.7000732421875
P32,166.0,616.7111206054688
P32,166.5,616.7222290039062
P32,167.0,616.7333374023438
P32,167.5,616.7445678710938
P32,168.0,616.7557373046875
P32,168.5,616.7669677734375
P32,169.0,616.7781982421875
P32,169.5,616.7894897460938
P32,170.0,616.8008422851562
P32,170.5,616.8121948242188
P32,171.0,616.8236694335938
P32,171.5,616.8350219726562
P32,172.0,616.8464965820312
P32,172.5,616.8579711914062
P32,173.0,616.8695068359375
P32,173.5,616.8810424804688
P32,174.0,616.892578125
P32,174.5,616.9041748046875
P32,175.0,616.915771484375
P32,175.5,616.9274291992188
P32,176.0,616.9390869140625
P32,176.5,616.9507446289062
P32,177.0,616.9624633789062
P32,177.5,616.9741821289062
P32,178.0,616.9859619140625
P32,178.5,616.9976806640625
P32,179.0,617.009521484375
P32,179.5,617.0213623046875
P32,180.0,617.033203125
P21,0.0,600.9002685546875
P21,0.5,600.9000854492188
P21,1.0,600.8928833007812
P21,1.5,600.8834228515625
P21,2.0,600.8739013671875
P21,2.5,600.8746337890625
P21,3.0,600.8823852539062
P21,3.5,600.8969116210938
P21,4.0,600.8909301757812
P21,4.5,600.84375
P21,5.0,600.7780151367188
P21,5.5,600.795654296875
P21,6.0,600.7720336914062
P21,6.5,600.7764282226562
P21,7.0,600.8445434570312
P21,7.5,600.8544311523438
P21,8.0,600.9614868164062
P21,8.5,601.250244140625
P21,9.0,601.6911010742188
P21,9.5,601.8806762695312
P21,10.0,601.9500732421875
P21,10.5,602.0601196289062
P21,11.0,601.8988647460938
P21,11.5,601.8517456054688
P21,12.0,601.7274169921875
P21,12.5,601.3985595703125
P21,13.0,601.2930297851562
P21,13.5,601.29443359375
P21,14.0,601.5682373046875
P21,14.5,601.706298828125
P21,15.0,601.629150390625
P21,15.5,601.5562133789062
P21,16.0,601.4798583984375
P21,16.5,601.4122314453125
P21,17.0,601.3388061523438
P21,17.5,601.25
P21,18.0,601.2286987304688
P21,18.5,601.2272338867188
P21,19.0,601.0370483398438
P21,19.5,601.03076171875
P21,20.0,601.245849609375
P21,20.5,601.4478759765625
P21,21.0,601.4221801757812
P21,21.5,601.2335815429688
P21,22.0,601.0775756835938
P21,22.5,601.112060546875
P21,23.0,601.221435546875
P21,23.5,601.1275024414062
P21,24.0,601.1104736328125
P21,24.5,601.2005615234375
P21,25.0,601.3262329101562
P21,25.5,601.4078979492188
P21,26.0,601.579833984375
P21,26.5,601.517578125
P21,27.0,601.5398559570312
P21,27.5,601.5923461914062
P21,28.0,601.6007690429688
P21,28.5,601.5279541015625
P21,29.0,601.4197387695312
P21,29.5,601.3281860351562
P21,30.0,601.2487182617188
P21,30.5,601.2023315429688
P21,31.0,601.0891723632812
P21,31.5,601.1231689453125
P21,32.0,601.283935546875
P21,32.5,601.2791748046875
P21,33.0,601.3167114257812
P21,33.5,601.3272705078125
P21,34.0,601.3108520507812
P21,34.5,601.2970581054688
P21,35.0,601.3082275390625
P21,35.5,601.3713989257812
P21,36.0,601.4141845703125
P21,36.5,601.4003295898438
P21,37.0,601.4508666992188
P21,37.5,601.50390625
P21,38.0,601.5364379882812
P21,38.5,601.5558471679688
P21,39.0,601.5802612304688
P21,39.5,601.6227416992188
P21,40.0,601.6762084960938
P21,40.5,601.7251586914062
P21,41.0,601.7426147460938
P21,41.5,601.6756591796875
P21,42.0,601.5560302734375
P21,42.5,601.58740234375
P21,43.0,601.6644897460938
P21,43.5,601.6776123046875
P21,44.0,601.845458984375
P21,44.5,601.8323364257812
P21,45.0,601.8973999023438
P21,45.5,601.9290161132812
P21,46.0,602.005126953125
P21,46.5,602.0498046875
P21,47.0,601.9496459960938
P21,47.5,601.9307250976562
P21,48.0,601.9691772460938
P21,48.5,602.0476684570312
P21,49.0,602.11181640625
P21,49.5,602.1419677734375
P21,50.0,602.1800537109375
P21,50.5,602.1973266601562
P21,51.0,602.0294189453125
P21,51.5,601.882568359375
P21,52.0,602.0558471679688
P21,52.5,602.059326171875
P21,53.0,602.2094116210938
P21,53.5,602.30126953125
P21,54.0,602.3848876953125
P21,54.5,602.4933471679688
P21,55.0,602.5953979492188
P21,55.5,602.6708984375
P21,56.0,602.7214965820312
P21,56.5,602.763916015625
P21,57.0,602.81005859375
P21,57.5,602.8590087890625
P21,58.0,602.907958984375
P21,58.5,602.9552001953125
P21,59.0,602.9989624023438
P21,59.5,603.0393676757812
P21,60.0,603.0885009765625
P21,60.5,603.1450805664062
P21,61.0,603.2105102539062
P21,61.5,603.3053588867188
P21,62.0,603.441162109375
P21,62.5,603.6175537109375
P21,63.0,603.7559814453125
P21,63.5,603.8330688476562
P21,64.0,603.803955078125
P21,64.5,603.6767578125
P21,65.0,603.73388671875
P21,65.5,603.6987915039062
P21,66.0,603.604248046875
P21,66.5,603.8379516601562
P21,67.0,604.0486450195312
P21,67.5,604.310791015625
P21,68.0,604.5536499023438
P21,68.5,604.7791748046875
P21,69.0,604.9898071289062
P21,69.5,605.1785888671875
P21,70.0,605.3428344726562
P21,70.5,605.48388671875
P21,71.0,605.6016845703125
P21,71.5,605.697509765625
P21,72.0,605.7711791992188
P21,72.5,605.8341674804688
P21,73.0,605.8939208984375
P21,73.5,605.9500732421875
P21,74.0,606.0020751953125
P21,74.5,606.0496826171875
P21,75.0,606.0924072265625
P21,75.5,606.132568359375
P21,76.0,606.1775512695312
P21,76.5,606.2280883789062
P21,77.0,606.2839965820312
P21,77.5,606.34521484375
P21,78.0,606.4117431640625
P21,78.5,606.4835815429688
P21,79.0,606.5607299804688
P21,79.5,606.6431884765625
P21,80.0,606.730712890625
P21,80.5,606.823486328125
P21,81.0,606.92138671875
P21,81.5,607.0244140625
P21,82.0,607.132080078125
P21,82.5,607.244140625
P21,83.0,607.3603515625
P21,83.5,607.480712890625
P21,84.0,607.6051635742188
P21,84.5,607.733642578125
P21,85.0,607.8660888671875
P21,85.5,608.0025634765625
P21,86.0,608.142822265625
P21,86.5,608.2869262695312
P21,87.0,608.4346313476562
P21,87.5,608.586181640625
P21,88.0,608.7412109375
P21,88.5,608.8998413085938
P21,89.0,609.0618896484375
P21,89.5,609.2273559570312
P21,90.0,609.39599609375
P21,90.5,609.5679931640625
P21,91.0,609.7429809570312
P21,91.5,609.921142578125
P21,92.0,610.1022338867188
P21,92.5,610.2862548828125
P21,93.0,610.4729614257812
P21,93.5,610.6625366210938
P21,94.0,610.8546752929688
P21,94.5,611.0489501953125
P21,95.0,611.2412109375
P21,95.5,611.4302368164062
P21,96.0,611.616455078125
P21,96.5,611.7994995117188
P21,97.0,611.979736328125
P21,97.5,612.1569213867188
P21,98.0,612.3312377929688
P21,98.5,612.502685546875
P21,99.0,612.6712646484375
P21,99.5,612.8370971679688
P21,100.0,613.0001831054688
P21,100.5,613.160400390625
P21,101.0,613.3180541992188
P21,101.5,613.472900390625
P21,102.0,613.6251831054688
P21,102.5,613.7748413085938
P21,103.0,613.9219360351562
P21,103.5,614.0664672851562
P21,104.0,614.20849609375
P21,104.5,614.3480224609375
P21,105.0,614.4852294921875
P21,105.5,614.6199340820312
P21,106.0,614.75244140625
P21,106.5,614.8825073242188
P21,107.0,615.0104370117188
P21,107.5,615.1350708007812
P21,108.0,615.2551879882812
P21,108.5,615.3707885742188
P21,109.0,615.4818115234375
P21,109.5,615.5885009765625
P21,110.0,615.6905517578125
P21,110.5,615.788330078125
P21,111.0,615.8817138671875
P21,111.5,615.9706420898438
P21,112.0,616.055419921875
P21,112.5,616.1359252929688
P21,113.0,616.2122802734375
P21,113.5,616.2844848632812
P21,114.0,616.3514404296875
P21,114.5,616.4126586914062
P21,115.0,616.4677124023438
P21,115.5,616.51708984375
P21,116.0,616.5606079101562
P21,116.5,616.5984497070312
P21,117.0,616.6294555664062
P21,117.5,616.6511840820312
P21,118.0,616.6626586914062
P21,118.5,616.6629028320312
P21,119.0,616.6427001953125
P21,119.5,616.599853515625
P21,120.0,616.5344848632812
P21,120.5,616.4785766601562
P21,121.0,616.44287109375
P21,121.5,616.43310546875
P21,122.0,616.4176025390625
P21,122.5,616.527099609375
P21,123.0,616.637451171875
P21,123.5,616.6113891601562
P21,124.0,616.6386108398438
P21,124.5,616.6636962890625
P21,125.0,616.6256103515625
P21,125.5,616.6049194335938
P21,126.0,616.58740234375
P21,126.5,616.5775146484375
P21,127.0,616.5574340820312
P21,127.5,616.4891967773438
P21,128.0,616.4375610351562
P21,128.5,616.4539794921875
P21,129.0,616.37646484375
P21,129.5,616.273193359375
P21,130.0,616.2708740234375
P21,130.5,616.2758178710938
P21,131.0,616.2720336914062
P21,131.5,616.2860107421875
P21,132.0,616.2626953125
P21,132.5,616.251220703125
P21,133.0,616.2238159179688
P21,133.5,616.2220458984375
P21,134.0,616.2169189453125
P21,134.5,616.23193359375
P21,135.0,616.2301025390625
P21,135.5,616.2262573242188
P21,136.0,616.2413940429688
P21,136.5,616.235107421875
P21,137.0,616.21630859375
P21,137.5,616.196533203125
P21,138.0,616.2012939453125
P21,138.5,616.18115234375
P21,139.0,616.1475219726562
P21,139.5,616.12939453125
P21,140.0,616.1126708984375
P21,140.5,616.097900390625
P21,141.0,616.0823974609375
P21,141.5,616.066162109375
P21,142.0,616.0504760742188
P21,142.5,616.035888671875
P21,143.0,616.0233154296875
P21,143.5,616.0125732421875
P21,144.0,616.00341796875
P21,144.5,615.9957275390625
P21,145.0,615.9893188476562
P21,145.5,615.9841918945312
P21,146.0,615.9805908203125
P21,146.5,615.9782104492188
P21,147.0,615.9754638671875
P21,147.5,615.9764404296875
P21,148.0,615.98095703125
P21,148.5,615.9874267578125
P21,149.0,615.9750366210938
P21,149.5,615.9660034179688
P21,150.0,615.953857421875
P21,150.5,615.9349975585938
P21,151.0,615.9205932617188
P21,151.5,615.9116821289062
P21,152.0,615.9078979492188
P21,152.5,615.9021606445312
P21,153.0,615.8971557617188
P21,153.5,615.892333984375
P21,154.0,615.8916625976562
P21,154.5,615.8653564453125
P21,155.0,615.8500366210938
P21,155.5,615.85107421875
P21,156.0,615.8572998046875
P21,156.5,615.8595581054688
P21,157.0,615.8480834960938
P21,157.5,615.8472900390625
P21,158.0,615.8475952148438
P21,158.5,615.8573608398438
P21,159.0,615.865966796875
P21,159.5,615.8582153320312
P21,160.0,615.873291015625
P21,160.5,615.8842163085938
P21,161.0,615.8860473632812
P21,161.5,615.8518676757812
P21,162.0,615.8375854492188
P21,162.5,615.8275146484375
P21,163.0,615.8563232421875
P21,163.5,615.8975830078125
P21,164.0,615.9363403320312
P21,164.5,616.0067749023438
P21,165.0,615.978515625
P21,165.5,615.9484252929688
P21,166.0,615.9207153320312
P21,166.5,615.763916015625
P21,167.0,615.7293701171875
P21,167.5,615.7323608398438
P21,168.0,615.71875
P21,168.5,615.6987915039062
P21,169.0,615.7333984375
P21,169.5,615.7626953125
P21,170.0,615.7343139648438
P21,170.5,615.7159423828125
P21,171.0,615.7328491210938
P21,171.5,615.7283935546875
P21,172.0,615.709228515625
P21,172.5,615.668701171875
P21,173.0,615.69140625
P21,173.5,615.68505859375
P21,174.0,615.6903686523438
P21,174.5,615.7080688476562
P21,175.0,615.7119140625
P21,175.5,615.7210693359375
P21,176.0,615.7691040039062
P21,176.5,615.864013671875
P21,177.0,615.9188842773438
P21,177.5,615.938720703125
P21,178.0,615.9389038085938
P21,178.5,615.9345703125
P21,179.0,615.9334106445312
P21,179.5,615.877685546875
P21,180.0,615.8558349609375
P18,0.0,605.244384765625
P18,0.5,605.169189453125
P18,1.0,605.094482421875
P18,1.5,605.0204467773438
P18,2.0,604.9472045898438
P18,2.5,604.8748168945312
P18,3.0,604.8035888671875
P18,3.5,604.7334594726562
P18,4.0,604.6647338867188
P18,4.5,604.597412109375
P18,5.0,604.53173828125
P18,5.5,604.4677734375
P18,6.0,604.4057006835938
P18,6.5,604.3455810546875
P18,7.0,604.2875366210938
P18,7.5,604.2318115234375
P18,8.0,604.1785888671875
P18,8.5,604.1278686523438
P18,9.0,604.0798950195312
P18,9.5,604.0347290039062
P18,10.0,603.9923706054688
P18,10.5,603.9525756835938
P18,11.0,603.9152221679688
P18,11.5,603.8801879882812
P18,12.0,603.847412109375
P18,12.5,603.8167724609375
P18,13.0,603.7881469726562
P18,13.5,603.7614135742188
P18,14.0,603.7366333007812
P18,14.5,603.7134399414062
P18,15.0,603.6918334960938
P18,15.5,603.6717529296875
P18,16.0,603.6533813476562
P18,16.5,603.6367797851562
P18,17.0,603.621826171875
P18,17.5,603.6084594726562
P18,18.0,603.5961303710938
P18,18.5,603.5845336914062
P18,19.0,603.57275390625
P18,19.5,603.5601196289062
P18,20.0,603.54541015625
P18,20.5,603.527587890625
P18,21.0,603.505859375
P18,21.5,603.47998046875
P18,22.0,603.4533081054688
P18,22.5,603.4329833984375
P18,23.0,603.4043579101562
P18,23.5,603.3447265625
P18,24.0,603.4346923828125
P18,24.5,603.4168090820312
P18,25.0,603.2083740234375
P18,25.5,603.06201171875
P18,26.0,603.0801391601562
P18,26.5,603.2605590820312
P18,27.0,603.4834594726562
P18,27.5,603.6785278320312
P18,28.0,603.6747436523438
P18,28.5,603.799072265625
P18,29.0,603.8759765625
P18,29.5,603.6130981445312
P18,30.0,603.3036499023438
P18,30.5,603.1119995117188
P18,31.0,602.9664916992188
P18,31.5,602.8497314453125
P18,32.0,602.74169921875
P18,32.5,602.6439208984375
P18,33.0,602.559326171875
P18,33.5,602.4822998046875
P18,34.0,602.409912109375
P18,34.5,602.3326416015625
P18,35.0,602.313232421875
P18,35.5,602.2111206054688
P18,36.0,602.21630859375
P18,36.5,602.3703002929688
P18,37.0,602.5368041992188
P18,37.5,602.5614013671875
P18,38.0,602.59765625
P18,38.5,602.6610107421875
P18,39.0,602.6959228515625
P18,39.5,602.5828857421875
P18,40.0,602.5746459960938
P18,40.5,602.5252685546875
P18,41.0,602.44287109375
P18,41.5,602.4629516601562
P18,42.0,602.5292358398438
P18,42.5,602.65185546875
P18,43.0,602.7487182617188
P18,43.5,602.618896484375
P18,44.0,602.6611328125
P18,44.5,602.6220703125
P18,45.0,602.62744140625
P18,45.5,602.5769653320312
P18,46.0,602.5593872070312
P18,46.5,602.5757446289062
P18,47.0,602.63427734375
P18,47.5,602.725341796875
P18,48.0,602.951416015625
P18,48.5,603.0166015625
P18,49.0,602.9954833984375
P18,49.5,602.97900390625
P18,50.0,602.869873046875
P18,50.5,602.7522583007812
P18,51.0,602.8086547851562
P18,51.5,602.8807373046875
P18,52.0,603.0001220703125
P18,52.5,603.0796508789062
P18,53.0,603.1268920898438
P18,53.5,603.2661743164062
P18,54.0,603.2332763671875
P18,54.5,603.057861328125
P18,55.0,602.9636840820312
P18,55.5,602.968017578125
P18,56.0,603.0489501953125
P18,56.5,603.2178955078125
P18,57.0,603.10888671875
P18,57.5,603.0322265625
P18,58.0,602.8278198242188
P18,58.5,602.8038940429688
P18,59.0,602.897216796875
P18,59.5,602.9459228515625
P18,60.0,602.8840942382812
P18,60.5,602.9923095703125
P18,61.0,603.1192016601562
P18,61.5,603.1961059570312
P18,62.0,603.2190551757812
P18,62.5,603.181396484375
P18,63.0,603.165771484375
P18,63.5,603.2376708984375
P18,64.0,603.2529907226562
P18,64.5,603.2279052734375
P18,65.0,603.2064819335938
P18,65.5,603.2213745117188
P18,66.0,603.247802734375
P18,66.5,603.2801513671875
P18,67.0,603.31787109375
P18,67.5,603.3609619140625
P18,68.0,603.4095458984375
P18,68.5,603.4639892578125
P18,69.0,603.5238647460938
P18,69.5,603.5891723632812
P18,70.0,603.6610107421875
P18,70.5,603.7408447265625
P18,71.0,603.8294677734375
P18,71.5,603.9265747070312
P18,72.0,604.0323486328125
P18,72.5,604.1471557617188
P18,73.0,604.2706909179688
P18,73.5,604.403564453125
P18,74.0,604.5463256835938
P18,74.5,604.6996459960938
P18,75.0,604.8648071289062
P18,75.5,605.042724609375
P18,76.0,605.2351684570312
P18,76.5,605.440185546875
P18,77.0,605.6366577148438
P18,77.5,605.819580078125
P18,78.0,605.990478515625
P18,78.5,606.1463623046875
P18,79.0,606.287841796875
P18,79.5,606.447265625
P18,80.0,606.485595703125
P18,80.5,606.2059936523438
P18,81.0,606.2540893554688
P18,81.5,606.35546875
P18,82.0,606.6194458007812
P18,82.5,606.6968383789062
P18,83.0,606.5669555664062
P18,83.5,606.5333862304688
P18,84.0,606.6434326171875
P18,84.5,606.7379760742188
P18,85.0,606.8392333984375
P18,85.5,607.0811767578125
P18,86.0,607.1282958984375
P18,86.5,607.0830688476562
P18,87.0,606.9962768554688
P18,87.5,607.0235595703125
P18,88.0,607.1856689453125
P18,88.5,607.2044677734375
P18,89.0,607.2011108398438
P18,89.5,607.1984252929688
P18,90.0,607.232666015625
P18,90.5,607.2791137695312
P18,91.0,607.3241577148438
P18,91.5,607.3794555664062
P18,92.0,607.4474487304688
P18,92.5,607.5300903320312
P18,93.0,607.627197265625
P18,93.5,607.7337036132812
P18,94.0,607.845703125
P18,94.5,607.9620361328125
P18,95.0,608.0814208984375
P18,95.5,608.2066650390625
P18,96.0,608.3324584960938
P18,96.5,608.4531860351562
P18,97.0,608.5736694335938
P18,97.5,608.7003173828125
P18,98.0,608.8408203125
P18,98.5,608.9987182617188
P18,99.0,609.1756591796875
P18,99.5,609.3753662109375
P18,100.0,609.5919799804688
P18,100.5,609.7992553710938
P18,101.0,609.9931030273438
P18,101.5,610.16796875
P18,102.0,610.3212890625
P18,102.5,610.44677734375
P18,103.0,610.5384521484375
P18,103.5,610.611328125
P18,104.0,610.6868896484375
P18,104.5,610.7730102539062
P18,105.0,610.8726196289062
P18,105.5,610.9623413085938
P18,106.0,611.0346069335938
P18,106.5,611.0851440429688
P18,107.0,611.1500244140625
P18,107.5,611.2445678710938
P18,108.0,611.3508911132812
P18,108.5,611.463134765625
P18,109.0,611.5865478515625
P18,109.5,611.7232666015625
P18,110.0,611.8707885742188
P18,110.5,612.0065307617188
P18,111.0,612.1266479492188
P18,111.5,612.2255249023438
P18,112.0,612.3028564453125
P18,112.5,612.3582763671875
P18,113.0,612.3912963867188
P18,113.5,612.4081420898438
P18,114.0,612.4140014648438
P18,114.5,612.4085083007812
P18,115.0,612.3987426757812
P18,115.5,612.3964233398438
P18,116.0,612.4082641601562
P18,116.5,612.4397583007812
P18,117.0,612.4825439453125
P18,117.5,612.5277099609375
P18,118.0,612.5652465820312
P18,118.5,612.5972900390625
P18,119.0,612.6304931640625
P18,119.5,612.6654052734375
P18,120.0,612.702392578125
P18,120.5,612.7565307617188
P18,121.0,612.8720703125
P18,121.5,613.0735473632812
P18,122.0,613.17626953125
P18,122.5,613.2272338867188
P18,123.0,613.2216796875
P18,123.5,613.0755004882812
P18,124.0,612.9130859375
P18,124.5,612.7245483398438
P18,125.0,612.6243286132812
P18,125.5,612.5635986328125
P18,126.0,612.5975952148438
P18,126.5,612.5669555664062
P18,127.0,612.5341186523438
P18,127.5,612.52734375
P18,128.0,612.6969604492188
P18,128.5,612.7555541992188
P18,129.0,612.9340209960938
P18,129.5,613.1534423828125
P18,130.0,613.171142578125
P18,130.5,613.1641235351562
P18,131.0,613.2798461914062
P18,131.5,613.33935546875
P18,132.0,613.4962768554688
P18,132.5,613.6446533203125
P18,133.0,613.7953491210938
P18,133.5,613.8451538085938
P18,134.0,613.837890625
P18,134.5,613.9786376953125
P18,135.0,614.221435546875
P18,135.5,614.4839477539062
P18,136.0,614.734619140625
P18,136.5,614.8738403320312
P18,137.0,615.0422973632812
P18,137.5,615.1221313476562
P18,138.0,615.183349609375
P18,138.5,615.1565551757812
P18,139.0,615.164794921875
P18,139.5,615.15576171875
P18,140.0,615.1502685546875
P18,140.5,615.2033081054688
P18,141.0,615.278076171875
P18,141.5,615.3673095703125
P18,142.0,615.4011840820312
P18,142.5,615.3734741210938
P18,143.0,615.4473876953125
P18,143.5,615.4901733398438
P18,144.0,615.4986572265625
P18,144.5,615.52783203125
P18,145.0,615.5817260742188
P18,145.5,615.5320434570312
P18,146.0,615.5263061523438
P18,146.5,615.4918212890625
P18,147.0,615.4349365234375
P18,147.5,615.4683227539062
P18,148.0,615.4544067382812
P18,148.5,615.4346923828125
P18,149.0,615.4785766601562
P18,149.5,615.5220336914062
P18,150.0,615.5559692382812
P18,150.5,615.5811767578125
P18,151.0,615.7369995117188
P18,151.5,615.76904296875
P18,152.0,615.7527465820312
P18,152.5,615.5887451171875
P18,153.0,615.4713134765625
P18,153.5,615.4624633789062
P18,154.0,615.4979858398438
P18,154.5,615.5431518554688
P18,155.0,615.55517578125
P18,155.5,615.5347290039062
P18,156.0,615.464599609375
P18,156.5,615.406494140625
P18,157.0,615.3599853515625
P18,157.5,615.3472900390625
P18,158.0,615.3580322265625
P18,158.5,615.355712890625
P18,159.0,615.339111328125
P18,159.5,615.3357543945312
P18,160.0,615.3338623046875
P18,160.5,615.3660888671875
P18,161.0,615.3967895507812
P18,161.5,615.3665771484375
P18,162.0,615.3292846679688
P18,162.5,615.2990112304688
P18,163.0,615.3502807617188
P18,163.5,615.3334350585938
P18,164.0,615.3948364257812
P18,164.5,615.50732421875
P18,165.0,615.6083374023438
P18,165.5,615.7105712890625
P18,166.0,615.7387084960938
P18,166.5,615.75439453125
P18,167.0,615.7607421875
P18,167.5,615.7737426757812
P18,168.0,615.7916870117188
P18,168.5,615.772216796875
P18,169.0,615.7293701171875
P18,169.5,615.5439453125
P18,170.0,615.1893310546875
P18,170.5,615.0867309570312
P18,171.0,615.3562622070312
P18,171.5,615.5054931640625
P18,172.0,615.64453125
P18,172.5,615.63916015625
P18,173.0,615.63916015625
P18,173.5,615.6555786132812
P18,174.0,615.6365356445312
P18,174.5,615.6197509765625
P18,175.0,615.5486450195312
P18,175.5,615.4898681640625
P18,176.0,615.4410400390625
P18,176.5,615.3099365234375
P18,177.0,615.1912231445312
P18,177.5,615.1439208984375
P18,178.0,615.1621704101562
P18,178.5,615.2570190429688
P18,179.0,615.1911010742188
P18,179.5,615.1500854492188
P18,180.0,615.0252075195312
P11,0.0,614.68896484375
P11,0.5,614.4796142578125
P11,1.0,614.2628784179688
P11,1.5,614.2553100585938
P11,2.0,614.4843139648438
P11,2.5,614.4920043945312
P11,3.0,614.179443359375
P11,3.5,614.1533813476562
P11,4.0,614.2166137695312
P11,4.5,614.3387451171875
P11,5.0,614.2319946289062
P11,5.5,614.0974731445312
P11,6.0,613.8721923828125
P11,6.5,613.7345581054688
P11,7.0,613.5972900390625
P11,7.5,613.4404296875
P11,8.0,613.3189697265625
P11,8.5,613.1776733398438
P11,9.0,613.0323486328125
P11,9.5,612.830810546875
P11,10.0,612.556396484375
P11,10.5,612.42236328125
P11,11.0,612.203857421875
P11,11.5,611.9901733398438
P11,12.0,611.8089599609375
P11,12.5,611.6150512695312
P11,13.0,611.6389770507812
P11,13.5,611.7537231445312
P11,14.0,611.6018676757812
P11,14.5,611.4152221679688
P11,15.0,611.3892822265625
P11,15.5,611.4039306640625
P11,16.0,611.4171752929688
P11,16.5,611.37939453125
P11,17.0,611.3313598632812
P11,17.5,611.2717895507812
P11,18.0,611.304443359375
P11,18.5,611.3177490234375
P11,19.0,611.3563842773438
P11,19.5,611.3082275390625
P11,20.0,611.2513427734375
P11,20.5,611.2296142578125
P11,21.0,611.2235717773438
P11,21.5,611.2472534179688
P11,22.0,611.30517578125
P11,22.5,611.2591552734375
P11,23.0,611.2355346679688
P11,23.5,611.198974609375
P11,24.0,611.1878051757812
P11,24.5,611.1775512695312
P11,25.0,611.1951904296875
P11,25.5,611.2250366210938
P11,26.0,611.2939453125
P11,26.5,611.3397216796875
P11,27.0,611.2286376953125
P11,27.5,611.1681518554688
P11,28.0,611.1668090820312
P11,28.5,611.1846313476562
P11,29.0,611.1327514648438
P11,29.5,611.1626586914062
P11,30.0,611.2332153320312
P11,30.5,611.189697265625
P11,31.0,611.1214599609375
P11,31.5,611.1401977539062
P11,32.0,611.188720703125
P11,32.5,611.1710205078125
P11,33.0,611.1409912109375
P11,33.5,611.1373901367188
P11,34.0,611.2196655273438
P11,34.5,611.185791015625
P11,35.0,611.2625732421875
P11,35.5,611.2492065429688
P11,36.0,611.1094970703125
P11,36.5,611.031982421875
P11,37.0,611.078857421875
P11,37.5,611.1998901367188
P11,38.0,611.213623046875
P11,38.5,611.2297973632812
P11,39.0,611.1571655273438
P11,39.5,611.1204223632812
P11,40.0,611.0838623046875
P11,40.5,611.0031127929688
P11,41.0,610.9500122070312
P11,41.5,610.8941650390625
P11,42.0,610.8570556640625
P11,42.5,610.9039306640625
P11,43.0,610.9494018554688
P11,43.5,610.9087524414062
P11,44.0,610.870849609375
P11,44.5,610.8305053710938
P11,45.0,610.84912109375
P11,45.5,610.850830078125
P11,46.0,610.905029296875
P11,46.5,610.8673095703125
P11,47.0,610.813720703125
P11,47.5,610.8335571289062
P11,48.0,610.8221435546875
P11,48.5,610.8087768554688
P11,49.0,610.841552734375
P11,49.5,610.7791137695312
P11,50.0,610.7260131835938
P11,50.5,610.7224731445312
P11,51.0,610.8978881835938
P11,51.5,610.9160766601562
P11,52.0,610.8092651367188
P11,52.5,610.7785034179688
P11,53.0,610.69384765625
P11,53.5,610.5568237304688
P11,54.0,610.2816772460938
P11,54.5,610.228759765625
P11,55.0,610.193115234375
P11,55.5,610.1903686523438
P11,56.0,610.1676025390625
P11,56.5,610.154296875
P11,57.0,610.1594848632812
P11,57.5,610.1763305664062
P11,58.0,610.201416015625
P11,58.5,610.0712890625
P11,59.0,610.1157836914062
P11,59.5,610.2239379882812
P11,60.0,610.2860717773438
P11,60.5,610.4613647460938
P11,61.0,610.4730834960938
P11,61.5,610.5095825195312
P11,62.0,610.5546264648438
P11,62.5,610.5972290039062
P11,63.0,610.6336059570312
P11,63.5,610.6608276367188
P11,64.0,610.6771850585938
P11,64.5,610.6847534179688
P11,65.0,610.684814453125
P11,65.5,610.6727294921875
P11,66.0,610.661376953125
P11,66.5,610.6900634765625
P11,67.0,610.655517578125
P11,67.5,610.6615600585938
P11,68.0,610.6879272460938
P11,68.5,610.7290649414062
P11,69.0,610.7828369140625
P11,69.5,610.8399658203125
P11,70.0,610.855712890625
P11,70.5,610.7507934570312
P11,71.0,611.16162109375
P11,71.5,611.4044799804688
P11,72.0,611.5750122070312
P11,72.5,611.7645263671875
P11,73.0,611.7662353515625
P11,73.5,611.9823608398438
P11,74.0,612.1919555664062
P11,74.5,612.3704223632812
P11,75.0,612.5062866210938
P11,75.5,612.718017578125
P11,76.0,612.8788452148438
P11,76.5,613.056396484375
P11,77.0,613.2144165039062
P11,77.5,613.3751220703125
P11,78.0,613.5602416992188
P11,78.5,613.6692504882812
P11,79.0,613.7867431640625
P11,79.5,613.8604125976562
P11,80.0,613.9530029296875
P11,80.5,614.0293579101562
P11,81.0,614.1034545898438
P11,81.5,614.20068359375
P11,82.0,614.3163452148438
P11,82.5,614.4841918945312
P11,83.0,614.5968627929688
P11,83.5,614.649169921875
P11,84.0,614.8421020507812
P11,84.5,614.935791015625
P11,85.0,614.8646240234375
P11,85.5,614.9483642578125
P11,86.0,614.7517700195312
P11,86.5,614.5702514648438
P11,87.0,614.4010009765625
P11,87.5,614.3385620117188
P11,88.0,614.302978515625
P11,88.5,614.2811279296875
P11,89.0,614.3268432617188
P11,89.5,614.285400390625
P11,90.0,614.2216186523438
P11,90.5,614.2206420898438
P11,91.0,614.1986694335938
P11,91.5,614.3316650390625
P11,92.0,614.4468994140625
P11,92.5,614.6378784179688
P11,93.0,614.8057250976562
P11,93.5,614.9744873046875
P11,94.0,615.1554565429688
P11,94.5,615.2393798828125
P11,95.0,615.2180786132812
P11,95.5,615.2387084960938
P11,96.0,615.323974609375
P11,96.5,615.3247680664062
P11,97.0,615.3121948242188
P11,97.5,615.3101196289062
P11,98.0,615.3677978515625
P11,98.5,615.3939819335938
P11,99.0,615.4428100585938
P11,99.5,615.5010986328125
P11,100.0,615.571044921875
P11,100.5,615.6488037109375
P11,101.0,615.7285766601562
P11,101.5,615.8088989257812
P11,102.0,615.8936767578125
P11,102.5,615.941650390625
P11,103.0,616.0115356445312
P11,103.5,616.0991821289062
P11,104.0,616.171875
P11,104.5,616.193115234375
P11,105.0,616.2578735351562
P11,105.5,616.2943725585938
P11,106.0,616.3341064453125
P11,106.5,616.3963623046875
P11,107.0,616.4335327148438
P11,107.5,616.4829711914062
P11,108.0,616.5307006835938
P11,108.5,616.5751342773438
P11,109.0,616.619873046875
P11,109.5,616.6600952148438
P11,110.0,616.6953735351562
P11,110.5,616.7249755859375
P11,111.0,616.7444458007812
P11,111.5,616.7655639648438
P11,112.0,616.8452758789062
P11,112.5,616.8907470703125
P11,113.0,616.9070434570312
P11,113.5,616.9981689453125
P11,114.0,617.043212890625
P11,114.5,617.1190795898438
P11,115.0,617.3167114257812
P11,115.5,617.4751586914062
P11,116.0,617.5350952148438
P11,116.5,617.635498046875
P11,117.0,617.7374877929688
P11,117.5,617.7001342773438
P11,118.0,617.6385498046875
P11,118.5,617.5787963867188
P11,119.0,617.5967407226562
P11,119.5,617.6583251953125
P11,120.0,617.6986694335938
P11,120.5,617.7159423828125
P11,121.0,617.7191772460938
P11,121.5,617.8135375976562
P11,122.0,617.8772583007812
P11,122.5,617.9337768554688
P11,123.0,618.0944213867188
P11,123.5,618.2390747070312
P11,124.0,618.28955078125
P11,124.5,618.32177734375
P11,125.0,618.3170166015625
P11,125.5,618.3029174804688
P11,126.0,618.359619140625
P11,126.5,618.4339599609375
P11,127.0,618.4306640625
P11,127.5,618.46923828125
P11,128.0,618.4848022460938
P11,128.5,618.4869384765625
P11,129.0,618.5078125
P11,129.5,618.5527954101562
P11,130.0,618.5654907226562
P11,130.5,618.570068359375
P11,131.0,618.6155395507812
P11,131.5,618.7009887695312
P11,132.0,618.7242431640625
P11,132.5,618.758056640625
P11,133.0,618.8079833984375
P11,133.5,618.8324584960938
P11,134.0,618.8751831054688
P11,134.5,618.9331665039062
P11,135.0,618.9810180664062
P11,135.5,619.0248413085938
P11,136.0,619.0848999023438
P11,136.5,619.1649780273438
P11,137.0,619.2188110351562
P11,137.5,619.3021850585938
P11,138.0,619.3687133789062
P11,138.5,619.390869140625
P11,139.0,619.4322509765625
P11,139.5,619.4705810546875
P11,140.0,619.5248413085938
P11,140.5,619.5914916992188
P11,141.0,619.6194458007812
P11,141.5,619.6123657226562
P11,142.0,619.5899047851562
P11,142.5,619.567626953125
P11,143.0,619.553955078125
P11,143.5,619.5466918945312
P11,144.0,619.5439453125
P11,144.5,619.5487060546875
P11,145.0,619.5575561523438
P11,145.5,619.6110229492188
P11,146.0,619.7007446289062
P11,146.5,619.5906372070312
P11,147.0,619.6826782226562
P11,147.5,619.651123046875
P11,148.0,619.6516723632812
P11,148.5,619.6671752929688
P11,149.0,619.6915283203125
P11,149.5,619.7262573242188
P11,150.0,619.7750244140625
P11,150.5,619.8388671875
P11,151.0,619.9032592773438
P11,151.5,619.963134765625
P11,152.0,620.01708984375
P11,152.5,620.0635375976562
P11,153.0,620.09765625
P11,153.5,620.1185302734375
P11,154.0,620.1448974609375
P11,154.5,620.1349487304688
P11,155.0,620.2570190429688
P11,155.5,620.3344116210938
P11,156.0,620.3679809570312
P11,156.5,620.4749755859375
P11,157.0,620.37548828125
P11,157.5,620.4100341796875
P11,158.0,620.4659423828125
P11,158.5,620.5314331054688
P11,159.0,620.6083984375
P11,159.5,620.6991577148438
P11,160.0,620.7996215820312
P11,160.5,620.9067993164062
P11,161.0,621.0062866210938
P11,161.5,621.0969848632812
P11,162.0,621.17919921875
P11,162.5,621.2501220703125
P11,163.0,621.303466796875
P11,163.5,621.3688354492188
P11,164.0,621.4321899414062
P11,164.5,621.3654174804688
P11,165.0,621.3263549804688
P11,165.5,621.3109741210938
P11,166.0,621.30029296875
P11,166.5,621.2841796875
P11,167.0,621.2744140625
P11,167.5,621.2741088867188
P11,168.0,621.2811279296875
P11,168.5,621.2962646484375
P11,169.0,621.3189086914062
P11,169.5,621.34912109375
P11,170.0,621.3843994140625
P11,170.5,621.423583984375
P11,171.0,621.4521484375
P11,171.5,621.4668579101562
P11,172.0,621.4706420898438
P11,172.5,621.465576171875
P11,173.0,621.4542846679688
P11,173.5,621.4389038085938
P11,174.0,621.4229125976562
P11,174.5,621.4144897460938
P11,175.0,621.4149169921875
P11,175.5,621.42529296875
P11,176.0,621.4315185546875
P11,176.5,621.4296264648438
P11,177.0,621.4059448242188
P11,177.5,621.3068237304688
P11,178.0,621.2652587890625
P11,178.5,621.1395874023438
P11,179.0,621.1017456054688
P11,179.5,621.0784912109375
P11,180.0,621.0346069335938
P4,0.0,607.8245849609375
P4,0.5,607.8533935546875
P4,1.0,607.8389282226562
P4,1.5,607.8257446289062
P4,2.0,607.8511352539062
P4,2.5,607.92431640625
P4,3.0,607.9614868164062
P4,3.5,607.9896240234375
P4,4.0,608.0363159179688
P4,4.5,608.092529296875
P4,5.0,608.1508178710938
P4,5.5,608.2046508789062
P4,6.0,608.2522583007812
P4,6.5,608.2939453125
P4,7.0,608.3294067382812
P4,7.5,608.3590087890625
P4,8.0,608.3827514648438
P4,8.5,608.401123046875
P4,9.0,608.413818359375
P4,9.5,608.4208374023438
P4,10.0,608.4213256835938
P4,10.5,608.4153442382812
P4,11.0,608.402099609375
P4,11.5,608.3836059570312
P4,12.0,608.3675537109375
P4,12.5,608.3546752929688
P4,13.0,608.345703125
P4,13.5,608.3446655273438
P4,14.0,608.3533935546875
P4,14.5,608.3718872070312
P4,15.0,608.383544921875
P4,15.5,608.3799438476562
P4,16.0,608.3726196289062
P4,16.5,608.3671264648438
P4,17.0,608.357177734375
P4,17.5,608.3597412109375
P4,18.0,608.3740844726562
P4,18.5,608.3812255859375
P4,19.0,608.3809204101562
P4,19.5,608.42138671875
P4,20.0,608.4618530273438
P4,20.5,608.5220947265625
P4,21.0,608.541748046875
P4,21.5,608.5847778320312
P4,22.0,608.6077880859375
P4,22.5,608.6163940429688
P4,23.0,608.676513671875
P4,23.5,608.7554321289062
P4,24.0,608.8084716796875
P4,24.5,608.8538818359375
P4,25.0,608.8748779296875
P4,25.5,608.8683471679688
P4,26.0,608.8395385742188
P4,26.5,608.80517578125
P4,27.0,608.7680053710938
P4,27.5,608.732421875
P4,28.0,608.7052612304688
P4,28.5,608.7077026367188
P4,29.0,608.6990966796875
P4,29.5,608.6900634765625
P4,30.0,608.6912841796875
P4,30.5,608.6940307617188
P4,31.0,608.6923828125
P4,31.5,608.6956787109375
P4,32.0,608.7030639648438
P4,32.5,608.7136840820312
P4,33.0,608.7271118164062
P4,33.5,608.7432250976562
P4,34.0,608.7614135742188
P4,34.5,608.7809448242188
P4,35.0,608.802001953125
P4,35.5,608.824462890625
P4,36.0,608.8493041992188
P4,36.5,608.8784790039062
P4,37.0,608.9149780273438
P4,37.5,608.9525756835938
P4,38.0,608.9860229492188
P4,38.5,609.0076293945312
P4,39.0,609.023193359375
P4,39.5,609.037109375
P4,40.0,609.0534057617188
P4,40.5,609.0714721679688
P4,41.0,609.0890502929688
P4,41.5,609.1060791015625
P4,42.0,609.1227416992188
P4,42.5,609.1390380859375
P4,43.0,609.1551513671875
P4,43.5,609.1712036132812
P4,44.0,609.1873779296875
P4,44.5,609.20361328125
P4,45.0,609.2199096679688
P4,45.5,609.236083984375
P4,46.0,609.25244140625
P4,46.5,609.2687377929688
P4,47.0,609.2850952148438
P4,47.5,609.3013305664062
P4,48.0,609.3175659179688
P4,48.5,609.3336181640625
P4,49.0,609.3494873046875
P4,49.5,609.365234375
P4,50.0,609.3814086914062
P4,50.5,609.3995361328125
P4,51.0,609.4199829101562
P4,51.5,609.4430541992188
P4,52.0,609.4689331054688
P4,52.5,609.4979858398438
P4,53.0,609.5305786132812
P4,53.5,609.5669555664062
P4,54.0,609.6074829101562
P4,54.5,609.6524047851562
P4,55.0,609.7022094726562
P4,55.5,609.757080078125
P4,56.0,609.8176879882812
P4,56.5,609.88037109375
P4,57.0,609.9418334960938
P4,57.5,610.0020141601562
P4,58.0,610.0607299804688
P4,58.5,610.1180419921875
P4,59.0,610.173583984375
P4,59.5,610.2274780273438
P4,60.0,610.2794189453125
P4,60.5,610.32958984375
P4,61.0,610.37744140625
P4,61.5,610.423095703125
P4,62.0,610.4661254882812
P4,62.5,610.5069580078125
P4,63.0,610.5474243164062
P4,63.5,610.5885620117188
P4,64.0,610.6303100585938
P4,64.5,610.6724853515625
P4,65.0,610.7150268554688
P4,65.5,610.757568359375
P4,66.0,610.8001098632812
P4,66.5,610.8421020507812
P4,67.0,610.8836669921875
P4,67.5,610.9251708984375
P4,68.0,610.9666748046875
P4,68.5,611.0086669921875
P4,69.0,611.05029296875
P4,69.5,611.0868530273438
P4,70.0,611.1154174804688
P4,70.5,611.1343994140625
P4,71.0,611.1415405273438
P4,71.5,611.1361694335938
P4,72.0,611.1182250976562
P4,72.5,611.097900390625
P4,73.0,611.0846557617188
P4,73.5,611.079833984375
P4,74.0,611.0831298828125
P4,74.5,611.092529296875
P4,75.0,611.108642578125
P4,75.5,611.1314086914062
P4,76.0,611.1597900390625
P4,76.5,611.1936645507812
P4,77.0,611.2301635742188
P4,77.5,611.2454223632812
P4,78.0,611.2639770507812
P4,78.5,611.3085327148438
P4,79.0,611.3248291015625
P4,79.5,611.35400390625
P4,80.0,611.399658203125
P4,80.5,611.4774780273438
P4,81.0,611.564208984375
P4,81.5,611.6095581054688
P4,82.0,611.6590576171875
P4,82.5,611.6936645507812
P4,83.0,611.7587890625
P4,83.5,611.82275390625
P4,84.0,611.86279296875
P4,84.5,611.9197998046875
P4,85.0,611.9469604492188
P4,85.5,611.9601440429688
P4,86.0,611.995849609375
P4,86.5,612.0499877929688
P4,87.0,612.0747680664062
P4,87.5,612.1098022460938
P4,88.0,612.1585693359375
P4,88.5,612.2088623046875
P4,89.0,612.2418823242188
P4,89.5,612.2799682617188
P4,90.0,612.301025390625
P4,90.5,612.3944702148438
P4,91.0,612.4602661132812
P4,91.5,612.5128173828125
P4,92.0,612.5650634765625
P4,92.5,612.6272583007812
P4,93.0,612.7027587890625
P4,93.5,612.79443359375
P4,94.0,612.9013061523438
P4,94.5,613.0236206054688
P4,95.0,613.1474609375
P4,95.5,613.2675170898438
P4,96.0,613.3840942382812
P4,96.5,613.4998168945312
P4,97.0,613.6188354492188
P4,97.5,613.7431030273438
P4,98.0,613.876220703125
P4,98.5,614.0178833007812
P4,99.0,614.166259765625
P4,99.5,614.3184204101562
P4,100.0,614.4743041992188
P4,100.5,614.6319580078125
P4,101.0,614.7900390625
P4,101.5,614.937255859375
P4,102.0,615.0716552734375
P4,102.5,615.1950073242188
P4,103.0,615.30517578125
P4,103.5,615.4081420898438
P4,104.0,615.5046997070312
P4,104.5,615.5980224609375
P4,105.0,615.6857299804688
P4,105.5,615.762939453125
P4,106.0,615.825439453125
P4,106.5,615.86376953125
P4,107.0,615.8840942382812
P4,107.5,615.8977661132812
P4,108.0,615.9264526367188
P4,108.5,615.9686889648438
P4,109.0,616.0211181640625
P4,109.5,616.0798950195312
P4,110.0,616.142578125
P4,110.5,616.2075805664062
P4,111.0,616.2727661132812
P4,111.5,616.3379516601562
P4,112.0,616.4030151367188
P4,112.5,616.4681396484375
P4,113.0,616.5331420898438
P4,113.5,616.5982055664062
P4,114.0,616.6630859375
P4,114.5,616.727294921875
P4,115.0,616.7908325195312
P4,115.5,616.8535766601562
P4,116.0,616.9156494140625
P4,116.5,616.9771118164062
P4,117.0,617.0377807617188
P4,117.5,617.0978393554688
P4,118.0,617.1571655273438
P4,118.5,617.2160034179688
P4,119.0,617.2739868164062
P4,119.5,617.3312377929688
P4,120.0,617.3877563476562
P4,120.5,617.4435424804688
P4,121.0,617.4989013671875
P4,121.5,617.5538330078125
P4,122.0,617.6085815429688
P4,122.5,617.6630249023438
P4,123.0,617.7176513671875
P4,123.5,617.7723388671875
P4,124.0,617.827392578125
P4,124.5,617.8828735351562
P4,125.0,617.93896484375
P4,125.5,617.9957885742188
P4,126.0,618.0535278320312
P4,126.5,618.1124877929688
P4,127.0,618.1791381835938
P4,127.5,618.2557983398438
P4,128.0,618.3427734375
P4,128.5,618.4400024414062
P4,129.0,618.5475463867188
P4,129.5,618.6650390625
P4,130.0,618.7977905273438
P4,130.5,618.95263671875
P4,131.0,619.1282958984375
P4,131.5,619.3214111328125
P4,132.0,619.5310668945312
P4,132.5,619.7545166015625
P4,133.0,619.9872436523438
P4,133.5,620.1973876953125
P4,134.0,620.3814697265625
P4,134.5,620.5421142578125
P4,135.0,620.683349609375
P4,135.5,620.8087158203125
P4,136.0,620.9221801757812
P4,136.5,621.0215454101562
P4,137.0,621.1036987304688
P4,137.5,621.1890869140625
P4,138.0,621.259033203125
P4,138.5,621.23388671875
P4,139.0,621.1687622070312
P4,139.5,621.0802001953125
P4,140.0,621.0411376953125
P4,140.5,621.043212890625
P4,141.0,621.0802612304688
P4,141.5,621.0964965820312
P4,142.0,620.9633178710938
P4,142.5,620.9337768554688
P4,143.0,621.1014404296875
P4,143.5,621.3067016601562
P4,144.0,621.4978637695312
P4,144.5,621.711669921875
P4,145.0,622.0072631835938
P4,145.5,622.3804931640625
P4,146.0,622.8012084960938
P4,146.5,623.190185546875
P4,147.0,623.5380859375
P4,147.5,623.843017578125
P4,148.0,624.1168823242188
P4,148.5,624.3623046875
P4,149.0,624.57958984375
P4,149.5,624.7842407226562
P4,150.0,624.9781494140625
P4,150.5,625.1617431640625
P4,151.0,625.334228515625
P4,151.5,625.4959106445312
P4,152.0,625.646240234375
P4,152.5,625.7891845703125
P4,153.0,625.9278564453125
P4,153.5,626.0620727539062
P4,154.0,626.1914672851562
P4,154.5,626.3159790039062
P4,155.0,626.4352416992188
P4,155.5,626.5499877929688
P4,156.0,626.6629638671875
P4,156.5,626.7744750976562
P4,157.0,626.8840942382812
P4,157.5,626.9917602539062
P4,158.0,627.0966186523438
P4,158.5,627.198974609375
P4,159.0,627.293212890625
P4,159.5,627.379638671875
P4,160.0,627.4619750976562
P4,160.5,627.5181884765625
P4,161.0,627.6089477539062
P4,161.5,627.6116943359375
P4,162.0,627.5963134765625
P4,162.5,627.6500854492188
P4,163.0,627.5737915039062
P4,163.5,627.5455932617188
P4,164.0,627.58740234375
P4,164.5,627.6190795898438
P4,165.0,627.614990234375
P4,165.5,627.6083374023438
P4,166.0,627.60498046875
P4,166.5,627.6074829101562
P4,167.0,627.6112670898438
P4,167.5,627.6150512695312
P4,168.0,627.6190795898438
P4,168.5,627.6222534179688
P4,169.0,627.6236572265625
P4,169.5,627.6235961914062
P4,170.0,627.6224365234375
P4,170.5,627.6203002929688
P4,171.0,627.617431640625
P4,171.5,627.6143188476562
P4,172.0,627.6119995117188
P4,172.5,627.6105346679688
P4,173.0,627.60986328125
P4,173.5,627.60986328125
P4,174.0,627.610595703125
P4,174.5,627.61181640625
P4,175.0,627.6136474609375
P4,175.5,627.61328125
P4,176.0,627.6152954101562
P4,176.5,627.6285400390625
P4,177.0,627.7108764648438
P4,177.5,627.9529418945312
P4,178.0,627.9769287109375
P4,178.5,628.0645751953125
P4,179.0,628.2379150390625
P4,179.5,628.4628295898438
P4,180.0,628.6900634765625
