perfil,distancia_m,dtm_contexto_m,dsm_todas_clases_sin_ruido_m
P4,0.0,607.8005,609.0317
P4,0.5,607.80505,608.7517
P4,1.0,607.80835,608.59283
P4,1.5,607.82947,608.84766
P4,2.0,607.8637,609.12115
P4,2.5,607.9398,609.41187
P4,3.0,608.016,609.71674
P4,3.5,608.0513,610.6091
P4,4.0,608.08417,611.26636
P4,4.5,608.1045,611.39014
P4,5.0,608.1234,611.48944
P4,5.5,608.1411,611.5673
P4,6.0,608.1571,611.6362
P4,6.5,608.1762,611.69977
P4,7.0,608.1955,611.76685
P4,7.5,608.2169,611.8563
P4,8.0,608.2384,611.95447
P4,8.5,608.25836,612.02576
P4,9.0,608.27734,612.0811
P4,9.5,608.2942,612.1028
P4,10.0,608.3094,612.1085
P4,10.5,608.3228,612.0678
P4,11.0,608.3344,612.0074
P4,11.5,608.3446,611.94183
P4,12.0,608.35364,611.87103
P4,12.5,608.36096,611.7654
P4,13.0,608.3667,611.6489
P4,13.5,608.37006,611.5611
P4,14.0,608.3715,611.48724
P4,14.5,608.36914,611.3918
P4,15.0,608.3648,611.28094
P4,15.5,608.35876,610.40625
P4,16.0,608.3521,608.9744
P4,16.5,608.3505,608.31213
P4,17.0,608.3526,608.3031
P4,17.5,608.36127,608.3376
P4,18.0,608.37885,608.4079
P4,18.5,608.39923,608.4636
P4,19.0,608.4223,608.50366
P4,19.5,608.4545,608.5398
P4,20.0,608.4902,608.566
P4,20.5,608.52704,608.6241
P4,21.0,608.57465,608.7528
P4,21.5,608.6114,608.83356
P4,22.0,608.6191,608.7859
P4,22.5,608.6363,608.761
P4,23.0,608.6737,608.81506
P4,23.5,608.71716,608.9373
P4,24.0,608.77313,609.2096
P4,24.5,608.8188,609.3919
P4,25.0,608.8426,609.2903
P4,25.5,608.85535,609.16156
P4,26.0,608.84735,609.0015
P4,26.5,608.8307,608.8371
P4,27.0,608.8,608.76044
P4,27.5,608.7684,608.71326
P4,28.0,608.73346,608.72705
P4,28.5,608.70624,608.7376
P4,29.0,608.69934,608.73157
P4,29.5,608.69635,608.72955
P4,30.0,608.6975,608.731
P4,30.5,608.6984,608.73
P4,31.0,608.6996,608.73
P4,31.5,608.7011,608.72906
P4,32.0,608.70575,608.7067
P4,32.5,608.7104,608.68274
P4,33.0,608.71954,608.6719
P4,33.5,608.72906,608.6629
P4,34.0,608.74945,608.66364
P4,34.5,608.7699,608.6635
P4,35.0,608.8086,611.44226
P4,35.5,608.848,614.3957
P4,36.0,608.9079,614.7456
P4,36.5,608.97003,614.82947
P4,37.0,609.04443,614.898
P4,37.5,609.1221,614.9657
P4,38.0,609.18726,615.05493
P4,38.5,609.25116,615.1489
P4,39.0,609.28033,615.2406
P4,39.5,609.29846,615.3255
P4,40.0,609.28143,615.3938
P4,40.5,609.25183,615.46375
P4,41.0,609.21,615.54913
P4,41.5,609.16455,615.63904
P4,42.0,609.124,615.71234
P4,42.5,609.0867,615.7795
P4,43.0,609.06213,615.85406
P4,43.5,609.0447,615.93274
P4,44.0,609.0399,615.9892
P4,44.5,609.04236,616.02374
P4,45.0,609.0512,615.997
P4,45.5,609.0637,615.93475
P4,46.0,609.078,615.8403
P4,46.5,609.09296,615.72864
P4,47.0,609.1071,615.632
P4,47.5,609.12036,615.54553
P4,48.0,609.1321,615.4568
P4,48.5,609.1424,615.36255
P4,49.0,609.15186,615.2655
P4,49.5,609.1605,615.1684
P4,50.0,609.16986,615.0766
P4,50.5,609.1799,614.99744
P4,51.0,609.19336,614.9131
P4,51.5,609.2118,614.8194
P4,52.0,609.2348,614.7281
P4,52.5,609.26514,614.64374
P4,53.0,609.2995,614.56323
P4,53.5,609.3411,614.49365
P4,54.0,609.3851,614.103
P4,54.5,609.43396,612.83563
P4,55.0,609.485,611.77875
P4,55.5,609.54156,611.94586
P4,56.0,609.6018,612.06586
P4,56.5,609.67206,611.9297
P4,57.0,609.74634,611.9419
P4,57.5,609.8337,612.13727
P4,58.0,609.9238,612.3133
P4,58.5,610.0213,612.30145
P4,59.0,610.1197,612.269
P4,59.5,610.21094,612.16064
P4,60.0,610.3028,611.9911
P4,60.5,610.3789,611.66125
P4,61.0,610.45605,611.2668
P4,61.5,610.5142,610.5876
P4,62.0,610.5737,609.9536
P4,62.5,610.61865,609.94403
P4,63.0,610.6655,609.915
P4,63.5,610.704,610.0356
P4,64.0,610.74475,610.14905
P4,64.5,610.78827,610.7063
P4,65.0,610.8341,611.0626
P4,65.5,610.8891,611.76404
P4,66.0,610.946,612.7
P4,66.5,611.0036,612.6927
P4,67.0,611.0634,612.6358
P4,67.5,611.1069,612.37744
P4,68.0,611.1469,612.2804
P4,68.5,611.1619,612.4689
P4,69.0,611.1701,612.7057
P4,69.5,611.1573,612.6284
P4,70.0,611.1367,612.4064
P4,70.5,611.10803,611.86633
P4,71.0,611.0739,611.08575
P4,71.5,611.04663,610.8406
P4,72.0,611.01953,610.8037
P4,72.5,611.0062,610.8686
P4,73.0,611.0073,610.96985
P4,73.5,611.0229,611.0002
P4,74.0,611.043,611.0031
P4,74.5,611.0692,611.0406
P4,75.0,611.0986,611.08636
P4,75.5,611.12726,611.12317
P4,76.0,611.1563,611.15936
P4,76.5,611.18713,611.208
P4,77.0,611.21857,611.26776
P4,77.5,611.235,611.30707
P4,78.0,611.2385,611.3249
P4,78.5,611.2799,611.3635
P4,79.0,611.3476,611.41656
P4,79.5,611.4026,611.4652
P4,80.0,611.445,611.51263
P4,80.5,611.49225,611.56854
P4,81.0,611.5488,611.63025
P4,81.5,611.60315,611.6789
P4,82.0,611.6557,611.7168
P4,82.5,611.70776,611.7614
P4,83.0,611.7625,611.8191
P4,83.5,611.8172,611.876
P4,84.0,611.86536,611.92365
P4,84.5,611.9045,611.96454
P4,85.0,611.92914,611.98987
P4,85.5,611.96265,612.0251
P4,86.0,612.0069,612.07184
P4,86.5,612.0495,612.11206
P4,87.0,612.08344,612.13385
P4,87.5,612.11847,612.1613
P4,88.0,612.1655,612.2165
P4,88.5,612.2124,612.2692
P4,89.0,612.24524,612.30225
P4,89.5,612.27716,612.3339
P4,90.0,612.30286,612.368
P4,90.5,612.34406,612.4042
P4,91.0,612.4847,612.4447
P4,91.5,612.59937,612.487
P4,92.0,612.6793,612.5325
P4,92.5,612.75946,612.5655
P4,93.0,612.8178,612.6085
P4,93.5,612.87445,612.65063
P4,94.0,612.94446,612.7618
P4,94.5,613.01685,612.87573
P4,95.0,613.1162,613.033
P4,95.5,613.2142,613.1949
P4,96.0,613.3338,614.7184
P4,96.5,613.45056,615.91376
P4,97.0,613.5921,615.47906
P4,97.5,613.73157,615.2354
P4,98.0,613.8922,615.90234
P4,98.5,614.0537,616.7235
P4,99.0,614.2307,616.86206
P4,99.5,614.4118,616.8658
P4,100.0,614.5997,616.86053
P4,100.5,614.795,616.8559
P4,101.0,614.98456,616.8416
P4,101.5,615.17566,616.8453
P4,102.0,615.3482,616.87225
P4,102.5,615.5171,616.9144
P4,103.0,615.64575,616.98
P4,103.5,615.7582,617.052
P4,104.0,615.8264,617.225
P4,104.5,615.87067,617.45184
P4,105.0,615.88403,617.5979
P4,105.5,615.87427,617.7248
P4,106.0,615.839,617.6836
P4,106.5,615.7947,617.5712
P4,107.0,615.75116,617.86993
P4,107.5,615.71094,618.4604
P4,108.0,615.684,618.7641
P4,108.5,615.66956,618.8346
P4,109.0,615.67474,618.86346
P4,109.5,615.6985,618.8287
P4,110.0,615.7429,618.83997
P4,110.5,615.80884,618.91064
P4,111.0,615.89276,618.97644
P4,111.5,615.99506,619.0398
P4,112.0,616.1094,619.10614
P4,112.5,616.23956,619.17773
P4,113.0,616.3709,619.2606
P4,113.5,616.50275,619.3476
P4,114.0,616.6278,619.4386
P4,114.5,616.7388,619.5505
P4,115.0,616.83997,619.6433
P4,115.5,616.9193,619.6875
P4,116.0,616.9907,619.75366
P4,116.5,617.0418,619.8801
P4,117.0,617.0901,619.9985
P4,117.5,617.12787,620.0881
P4,118.0,617.1662,620.181
P4,118.5,617.2025,620.2787
P4,119.0,617.2423,620.3544
P4,119.5,617.29535,620.361
P4,120.0,617.35345,620.35724
P4,120.5,617.4397,620.30817
P4,121.0,617.5304,620.2469
P4,121.5,617.65295,620.1394
P4,122.0,617.7773,620.0625
P4,122.5,617.91455,620.4526
P4,123.0,618.051,620.83923
P4,123.5,618.15967,621.01245
P4,124.0,618.2664,621.1653
P4,124.5,618.3309,621.24445
P4,125.0,618.3931,621.32007
P4,125.5,618.4271,621.3672
P4,126.0,618.4598,621.413
P4,126.5,618.5008,621.47186
P4,127.0,618.545,621.53064
P4,127.5,618.62195,621.59216
P4,128.0,618.7103,621.6562
P4,128.5,618.8472,621.70233
P4,129.0,618.99805,621.74615
P4,129.5,619.1972,621.79004
P4,130.0,619.40906,621.82904
P4,130.5,619.6521,621.8348
P4,131.0,619.9012,621.83215
P4,131.5,620.1454,621.7665
P4,132.0,620.3848,621.6843
P4,132.5,620.58655,621.6145
P4,133.0,620.77313,621.56104
P4,133.5,620.90643,621.5453
P4,134.0,621.01855,621.54047
P4,134.5,621.09125,621.51215
P4,135.0,621.1464,621.47284
P4,135.5,621.1805,621.43304
P4,136.0,621.2039,621.39435
P4,136.5,621.2277,621.3702
P4,137.0,621.2564,621.35706
P4,137.5,621.26245,621.3612
P4,138.0,621.2501,621.37933
P4,138.5,621.2237,621.79236
P4,139.0,621.1773,622.50586
P4,139.5,621.14746,622.8574
P4,140.0,621.1222,622.89655
P4,140.5,621.12524,622.77734
P4,141.0,621.1545,622.4495
P4,141.5,621.1048,621.9885
P4,142.0,620.99036,621.4396
P4,142.5,621.03033,622.0368
P4,143.0,621.2561,624.19617
P4,143.5,621.4648,625.3956
P4,144.0,621.6659,624.94995
P4,144.5,621.85785,624.3943
P4,145.0,622.046,623.94763
P4,145.5,622.2374,623.7201
P4,146.0,622.4072,623.7435
P4,146.5,622.57184,623.8441
P4,147.0,622.7202,624.0532
P4,147.5,622.8707,624.5223
P4,148.0,623.02356,625.6141
P4,148.5,623.18335,626.5412
P4,149.0,623.3584,627.17554
P4,149.5,623.53906,628.4871
P4,150.0,623.72906,632.8165
P4,150.5,623.92236,636.58246
P4,151.0,624.1078,637.544
P4,151.5,624.2954,638.4327
P4,152.0,624.48157,638.7396
P4,152.5,624.67303,638.954
P4,153.0,624.88824,638.8306
P4,153.5,625.10895,638.63477
P4,154.0,625.36194,638.108
P4,154.5,625.6177,637.5644
P4,155.0,625.8749,636.8711
P4,155.5,626.1308,636.20844
P4,156.0,626.34106,636.01526
P4,156.5,626.54785,635.77386
P4,157.0,626.70734,635.9798
P4,157.5,626.8622,636.1734
P4,158.0,626.98676,636.21643
P4,158.5,627.10754,636.24774
P4,159.0,627.213,636.4166
P4,159.5,627.3161,636.6186
P4,160.0,627.4356,636.6952
P4,160.5,627.56494,636.7334
P4,161.0,627.59973,636.8201
P4,161.5,627.60345,636.9205
P4,162.0,627.6204,636.9876
P4,162.5,627.6217,637.0011
P4,163.0,627.60223,634.3656
P4,163.5,627.5853,631.3719
P4,164.0,627.5915,629.8328
P4,164.5,627.61084,628.25397
P4,165.0,627.63965,627.6418
P4,165.5,627.66876,627.6388
P4,166.0,627.695,627.6492
P4,166.5,627.71857,627.66266
P4,167.0,627.735,627.6659
P4,167.5,627.747,627.661
P4,168.0,627.75165,627.6555
P4,168.5,627.7514,627.65186
P4,169.0,627.7455,627.638
P4,169.5,627.7354,627.61926
P4,170.0,627.7211,627.6126
P4,170.5,627.7031,627.6175
P4,171.0,627.6826,627.6109
P4,171.5,627.6594,627.58734
P4,172.0,627.63684,627.5707
P4,172.5,627.6143,627.5665
P4,173.0,627.5952,627.5677
P4,173.5,627.5807,627.5728
P4,174.0,627.57117,627.579
P4,174.5,627.56934,627.58325
P4,175.0,627.5725,627.59326
P4,175.5,627.5869,627.62256
P4,176.0,627.6079,627.69977
P4,176.5,627.6313,627.88153
P4,177.0,627.69257,628.0663
P4,177.5,627.8577,628.20917
P4,178.0,628.0258,628.76245
P4,178.5,628.20874,630.1444
P4,179.0,628.4016,631.199
P4,179.5,628.62396,631.4535
P4,180.0,628.84503,631.67566
P11,0.0,614.69507,614.8698
P11,0.5,614.5151,614.73346
P11,1.0,614.3272,614.559
P11,1.5,614.3459,614.56714
P11,2.0,614.41235,614.6256
P11,2.5,614.3815,614.6016
P11,3.0,614.3057,614.53674
P11,3.5,614.2848,614.48834
P11,4.0,614.31213,614.45044
P11,4.5,614.2726,614.4004
P11,5.0,614.18555,614.3481
P11,5.5,614.1055,614.26855
P11,6.0,613.93604,614.084
P11,6.5,613.7575,613.8989
P11,7.0,613.5917,613.7378
P11,7.5,613.43524,613.5809
P11,8.0,613.2997,613.4496
P11,8.5,613.1704,613.3247
P11,9.0,613.02185,613.1679
P11,9.5,612.86194,613.00464
P11,10.0,612.6315,612.8084
P11,10.5,612.38715,612.6035
P11,11.0,612.20514,612.4048
P11,11.5,612.0272,612.2042
P11,12.0,611.85944,612.0701
P11,12.5,611.7119,611.97394
P11,13.0,611.59576,611.8612
P11,13.5,611.5709,611.8102
P11,14.0,611.5447,611.79816
P11,14.5,611.45465,611.7444
P11,15.0,611.40283,611.74005
P11,15.5,611.407,611.63434
P11,16.0,611.3999,611.45807
P11,16.5,611.3751,611.4853
P11,17.0,611.33527,611.414
P11,17.5,611.31696,611.377
P11,18.0,611.31085,611.36255
P11,18.5,611.3206,611.3703
P11,19.0,611.33167,611.374
P11,19.5,611.3039,611.3527
P11,20.0,611.2578,611.31244
P11,20.5,611.2362,611.295
P11,21.0,611.2331,611.3068
P11,21.5,611.2365,611.3259
P11,22.0,611.25726,611.3425
P11,22.5,611.26306,611.3323
P11,23.0,611.2323,611.2906
P11,23.5,611.20807,611.2628
P11,24.0,611.19653,611.2438
P11,24.5,611.18365,611.2172
P11,25.0,611.19867,611.2408
P11,25.5,611.2186,611.2856
P11,26.0,611.229,611.3262
P11,26.5,611.2386,611.3576
P11,27.0,611.2189,611.3142
P11,27.5,611.1849,611.24023
P11,28.0,611.1739,611.2435
P11,28.5,611.1735,611.28076
P11,29.0,611.18195,611.2914
P11,29.5,611.207,611.30206
P11,30.0,611.2138,611.3076
P11,30.5,611.1789,611.27686
P11,31.0,611.1448,611.2432
P11,31.5,611.1464,611.23157
P11,32.0,611.1607,611.23175
P11,32.5,611.15955,611.22723
P11,33.0,611.1476,611.2152
P11,33.5,611.16187,611.23425
P11,34.0,611.181,611.2541
P11,34.5,611.20856,611.2831
P11,35.0,611.24255,611.31396
P11,35.5,611.196,611.2796
P11,36.0,611.1199,611.22205
P11,36.5,611.1067,611.22943
P11,37.0,611.13965,611.28845
P11,37.5,611.1658,611.30664
P11,38.0,611.183,611.2831
P11,38.5,611.18286,611.26215
P11,39.0,611.14667,611.2322
P11,39.5,611.1043,611.1971
P11,40.0,611.0421,611.1484
P11,40.5,610.9941,611.1009
P11,41.0,610.9517,611.0225
P11,41.5,610.91003,610.95026
P11,42.0,610.9084,610.9646
P11,42.5,610.898,610.97095
P11,43.0,610.8903,610.96985
P11,43.5,610.8894,610.9674
P11,44.0,610.8742,610.94147
P11,44.5,610.8493,610.9101
P11,45.0,610.8474,610.9086
P11,45.5,610.8616,610.9286
P11,46.0,610.8615,610.93726
P11,46.5,610.84344,610.92816
P11,47.0,610.82825,610.90765
P11,47.5,610.819,610.883
P11,48.0,610.8164,610.8771
P11,48.5,610.82983,610.9056
P11,49.0,610.8229,610.9089
P11,49.5,610.77655,610.8606
P11,50.0,610.73627,610.8197
P11,50.5,610.75793,611.02814
P11,51.0,610.76373,611.27625
P11,51.5,610.76575,611.3209
P11,52.0,610.79095,611.296
P11,52.5,610.726,611.1139
P11,53.0,610.62714,610.9104
P11,53.5,610.48676,610.72205
P11,54.0,610.3279,610.50916
P11,54.5,610.23486,610.39233
P11,55.0,610.21387,610.38306
P11,55.5,610.1981,610.3304
P11,56.0,610.16693,610.25073
P11,56.5,610.1458,610.217
P11,57.0,610.1699,610.2541
P11,57.5,610.1834,610.2817
P11,58.0,610.1653,610.34735
P11,58.5,610.142,610.38763
P11,59.0,610.20953,610.4163
P11,59.5,610.26904,610.4434
P11,60.0,610.34076,610.549
P11,60.5,610.4596,610.69543
P11,61.0,610.5497,610.7988
P11,61.5,610.6118,610.88995
P11,62.0,610.67126,611.0311
P11,62.5,610.7272,611.1971
P11,63.0,610.76685,611.3086
P11,63.5,610.79297,611.36084
P11,64.0,610.81,611.4317
P11,64.5,610.808,611.5031
P11,65.0,610.797,611.4863
P11,65.5,610.7804,611.37494
P11,66.0,610.7622,611.2725
P11,66.5,610.6805,611.2124
P11,67.0,610.58765,611.08997
P11,67.5,610.58594,610.4509
P11,68.0,610.6072,609.8771
P11,68.5,610.6455,610.01996
P11,69.0,610.6893,610.189
P11,69.5,610.70917,610.4125
P11,70.0,610.73895,610.7424
P11,70.5,610.88336,611.0503
P11,71.0,611.1097,611.3269
P11,71.5,611.3438,611.6491
P11,72.0,611.52765,611.9962
P11,72.5,611.6861,612.1558
P11,73.0,611.857,612.12976
P11,73.5,612.01526,612.1988
P11,74.0,612.1701,612.3616
P11,74.5,612.3437,612.52783
P11,75.0,612.5244,612.7128
P11,75.5,612.6936,612.88104
P11,76.0,612.8579,613.0497
P11,76.5,613.02374,613.2199
P11,77.0,613.1895,613.3696
P11,77.5,613.3695,613.5457
P11,78.0,613.5106,613.6806
P11,78.5,613.6444,613.7901
P11,79.0,613.7592,613.8959
P11,79.5,613.86505,614.00214
P11,80.0,613.95355,614.08954
P11,80.5,614.03284,614.1807
P11,81.0,614.11346,614.3006
P11,81.5,614.20636,614.44086
P11,82.0,614.3202,614.58093
P11,82.5,614.4293,614.6806
P11,83.0,614.5512,614.7782
P11,83.5,614.671,614.93805
P11,84.0,614.81854,615.1436
P11,84.5,614.7084,615.36664
P11,85.0,614.673,615.5307
P11,85.5,614.6651,615.36163
P11,86.0,614.6157,615.18335
P11,86.5,614.5175,614.94696
P11,87.0,614.3943,614.7497
P11,87.5,614.3252,614.7191
P11,88.0,614.27924,614.6954
P11,88.5,614.2662,614.65045
P11,89.0,614.2844,614.6383
P11,89.5,614.3007,614.6618
P11,90.0,614.28015,614.6545
P11,90.5,614.28357,614.66187
P11,91.0,614.34467,614.66956
P11,91.5,614.39624,614.6845
P11,92.0,614.5259,614.84686
P11,92.5,614.6577,614.95605
P11,93.0,614.8,615.058
P11,93.5,614.962,615.20074
P11,94.0,615.09985,615.30396
P11,94.5,615.2119,615.3858
P11,95.0,615.281,615.4478
P11,95.5,615.3311,615.51746
P11,96.0,615.32904,615.5592
P11,96.5,615.337,615.607
P11,97.0,615.3704,615.62946
P11,97.5,615.3867,615.5996
P11,98.0,615.3908,615.57275
P11,98.5,615.4197,615.5622
P11,99.0,615.4503,615.55347
P11,99.5,615.52496,615.6411
P11,100.0,615.57196,615.68866
P11,100.5,615.64734,615.7574
P11,101.0,615.7248,615.8166
P11,101.5,615.79553,615.8773
P11,102.0,615.8682,615.9479
P11,102.5,615.9416,616.02136
P11,103.0,616.01825,616.10126
P11,103.5,616.0877,616.16943
P11,104.0,616.1476,616.2263
P11,104.5,616.20044,616.27014
P11,105.0,616.2528,616.3026
P11,105.5,616.29517,616.351
P11,106.0,616.3338,616.40485
P11,106.5,616.3844,616.4548
P11,107.0,616.4394,616.5001
P11,107.5,616.4886,616.53723
P11,108.0,616.5477,616.5704
P11,108.5,616.6071,616.61145
P11,109.0,616.6542,616.6562
P11,109.5,616.6997,616.7008
P11,110.0,616.735,616.74207
P11,110.5,616.7691,616.78174
P11,111.0,616.77704,616.82477
P11,111.5,616.80023,616.8751
P11,112.0,616.85376,616.9497
P11,112.5,616.8974,617.01483
P11,113.0,616.951,617.0586
P11,113.5,617.00214,617.0789
P11,114.0,617.1082,617.2739
P11,114.5,617.24835,617.5979
P11,115.0,617.39545,617.8644
P11,115.5,617.5615,618.09863
P11,116.0,617.6614,618.2654
P11,116.5,617.7107,618.28394
P11,117.0,617.7573,618.23584
P11,117.5,617.6901,618.02814
P11,118.0,617.6473,617.8552
P11,118.5,617.6462,617.77673
P11,119.0,617.6467,617.72205
P11,119.5,617.658,617.724
P11,120.0,617.69495,617.76575
P11,120.5,617.7343,617.80975
P11,121.0,617.77747,617.86115
P11,121.5,617.8258,617.91644
P11,122.0,617.8773,617.964
P11,122.5,617.96954,618.06
P11,123.0,618.1067,618.2219
P11,123.5,618.211,618.3347
P11,124.0,618.26337,618.3535
P11,124.5,618.304,618.36035
P11,125.0,618.3087,618.363
P11,125.5,618.3082,618.3673
P11,126.0,618.3597,618.4572
P11,126.5,618.3973,618.5186
P11,127.0,618.4117,618.5245
P11,127.5,618.43164,618.54785
P11,128.0,618.4565,618.54156
P11,128.5,618.49207,618.5396
P11,129.0,618.50146,618.5683
P11,129.5,618.51685,618.60333
P11,130.0,618.54626,618.6254
P11,130.5,618.57574,618.6466
P11,131.0,618.6224,618.68506
P11,131.5,618.6822,618.7304
P11,132.0,618.7324,618.77594
P11,132.5,618.7656,618.8202
P11,133.0,618.7934,618.85974
P11,133.5,618.83356,618.91254
P11,134.0,618.8812,618.9681
P11,134.5,618.93256,618.99774
P11,135.0,618.9836,619.0376
P11,135.5,619.0324,619.09656
P11,136.0,619.0923,619.15234
P11,136.5,619.17065,619.2355
P11,137.0,619.2386,619.3179
P11,137.5,619.29083,619.39014
P11,138.0,619.33154,619.487
P11,138.5,619.40234,620.184
P11,139.0,619.4858,621.13824
P11,139.5,619.5316,621.48206
P11,140.0,619.55865,621.2403
P11,140.5,619.6006,620.80444
P11,141.0,619.639,620.31537
P11,141.5,619.64966,620.0701
P11,142.0,619.62537,620.0345
P11,142.5,619.61017,620.02295
P11,143.0,619.60144,620.004
P11,143.5,619.5936,619.83215
P11,144.0,619.5892,620.4387
P11,144.5,619.58136,620.7816
P11,145.0,619.586,620.94806
P11,145.5,619.59314,621.3689
P11,146.0,619.60223,621.50385
P11,146.5,619.60895,621.44885
P11,147.0,619.62823,621.32416
P11,147.5,619.6705,621.4685
P11,148.0,619.7056,621.6281
P11,148.5,619.7172,621.64905
P11,149.0,619.7339,621.6709
P11,149.5,619.767,621.70166
P11,150.0,619.8029,621.728
P11,150.5,619.8495,621.73566
P11,151.0,619.9005,621.7468
P11,151.5,619.95874,621.809
P11,152.0,620.0234,621.901
P11,152.5,620.126,622.06366
P11,153.0,620.20905,622.0867
P11,153.5,620.16235,621.1981
P11,154.0,620.1297,620.35986
P11,154.5,620.16925,621.1179
P11,155.0,620.24,622.71484
P11,155.5,620.315,623.569
P11,156.0,620.3659,623.7978
P11,156.5,620.3909,623.9258
P11,157.0,620.4296,623.98114
P11,157.5,620.5012,623.9497
P11,158.0,620.5846,623.7745
P11,158.5,620.6723,623.6921
P11,159.0,620.7656,623.8133
P11,159.5,620.8558,623.91235
P11,160.0,620.93695,623.9701
P11,160.5,621.01544,624.0462
P11,161.0,621.0744,623.5786
P11,161.5,621.13715,623.0425
P11,162.0,621.1886,624.6884
P11,162.5,621.24115,626.4216
P11,163.0,621.3089,626.8059
P11,163.5,621.37866,626.85675
P11,164.0,621.38696,627.0115
P11,164.5,621.34906,627.3122
P11,165.0,621.3397,627.56995
P11,165.5,621.35986,627.7693
P11,166.0,621.37494,627.899
P11,166.5,621.36725,628.00885
P11,167.0,621.3564,628.1607
P11,167.5,621.35443,628.38947
P11,168.0,621.35315,628.5964
P11,168.5,621.35455,628.6881
P11,169.0,621.3567,628.60114
P11,169.5,621.3643,625.9812
P11,170.0,621.37274,623.48517
P11,170.5,621.382,623.12665
P11,171.0,621.393,622.9425
P11,171.5,621.4016,622.90686
P11,172.0,621.4126,622.78656
P11,172.5,621.4202,622.6071
P11,173.0,621.43005,622.3591
P11,173.5,621.4393,622.28766
P11,174.0,621.4483,622.269
P11,174.5,621.46204,622.1813
P11,175.0,621.4731,622.09644
P11,175.5,621.4692,622.01825
P11,176.0,621.4594,621.90967
P11,176.5,621.4648,621.798
P11,177.0,621.38947,621.6635
P11,177.5,621.3021,621.5352
P11,178.0,621.21423,621.3902
P11,178.5,621.11755,621.25635
P11,179.0,621.097,621.22705
P11,179.5,621.0619,621.1708
P11,180.0,621.05444,621.75934
P18,0.0,605.8716,617.4802
P18,0.5,605.70703,617.49225
P18,1.0,605.5267,617.48865
P18,1.5,605.3351,617.46136
P18,2.0,605.14624,618.2026
P18,2.5,604.9657,620.46045
P18,3.0,604.79846,621.95496
P18,3.5,604.6542,621.9835
P18,4.0,604.52,621.98785
P18,4.5,604.41,621.90356
P18,5.0,604.30646,621.8562
P18,5.5,604.2228,621.77264
P18,6.0,604.1434,621.69244
P18,6.5,604.0773,621.7283
P18,7.0,604.0134,621.8585
P18,7.5,603.96185,621.9078
P18,8.0,603.9139,621.8981
P18,8.5,603.87665,621.7022
P18,9.0,603.84436,621.393
P18,9.5,603.8178,621.22723
P18,10.0,603.79724,621.25543
P18,10.5,603.77966,621.3052
P18,11.0,603.7655,621.34155
P18,11.5,603.7534,620.5322
P18,12.0,603.7409,617.79407
P18,12.5,603.73145,615.4494
P18,13.0,603.727,615.2372
P18,13.5,603.7245,615.1274
P18,14.0,603.72815,615.07306
P18,14.5,603.7328,614.9879
P18,15.0,603.74097,614.0746
P18,15.5,603.7508,612.2147
P18,16.0,603.7595,609.3283
P18,16.5,603.76935,607.212
P18,17.0,603.77155,606.9047
P18,17.5,603.77094,607.1715
P18,18.0,603.7574,607.2611
P18,18.5,603.73334,607.0743
P18,19.0,603.69824,606.4215
P18,19.5,603.64844,605.74066
P18,20.0,603.59546,605.5407
P18,20.5,603.5387,605.5192
P18,21.0,603.48474,605.4207
P18,21.5,603.44556,605.0947
P18,22.0,603.4087,604.7183
P18,22.5,603.4239,604.5631
P18,23.0,603.4574,604.48987
P18,23.5,603.3877,604.07135
P18,24.0,603.3387,603.6127
P18,24.5,603.2966,603.4661
P18,25.0,603.2226,603.36334
P18,25.5,603.1705,603.33777
P18,26.0,603.1618,603.4016
P18,26.5,603.2893,603.5723
P18,27.0,603.50415,603.7819
P18,27.5,603.67554,603.92377
P18,28.0,603.76825,603.9803
P18,28.5,603.8233,604.0298
P18,29.0,603.8736,604.07465
P18,29.5,603.8729,604.11066
P18,30.0,603.68427,604.2123
P18,30.5,603.50867,604.3338
P18,31.0,603.3839,604.57733
P18,31.5,603.25824,604.8682
P18,32.0,603.1303,604.93396
P18,32.5,603.0068,604.97675
P18,33.0,602.8827,604.8154
P18,33.5,602.75854,604.6621
P18,34.0,602.61084,604.4312
P18,34.5,602.4438,604.1862
P18,35.0,602.28955,603.6295
P18,35.5,602.18964,602.834
P18,36.0,602.2158,602.4811
P18,36.5,602.33234,602.54517
P18,37.0,602.4348,602.58856
P18,37.5,602.5086,602.6491
P18,38.0,602.5648,602.7196
P18,38.5,602.602,602.75244
P18,39.0,602.61365,602.7569
P18,39.5,602.57965,602.6891
P18,40.0,602.55676,602.626
P18,40.5,602.5083,602.5828
P18,41.0,602.45667,602.5366
P18,41.5,602.4925,602.6235
P18,42.0,602.56055,602.72705
P18,42.5,602.63367,602.77106
P18,43.0,602.6877,602.79114
P18,43.5,602.6783,602.7663
P18,44.0,602.65045,602.72144
P18,44.5,602.63055,602.713
P18,45.0,602.6154,602.7281
P18,45.5,602.61584,602.72955
P18,46.0,602.61926,602.73
P18,46.5,602.62085,602.75494
P18,47.0,602.6641,602.8267
P18,47.5,602.73627,602.9062
P18,48.0,602.8816,602.9967
P18,48.5,603.0043,603.0678
P18,49.0,603.02783,603.0902
P18,49.5,603.03326,603.08734
P18,50.0,602.9129,603.01965
P18,50.5,602.8016,602.9492
P18,51.0,602.81586,605.5205
P18,51.5,602.84283,607.5365
P18,52.0,602.9369,609.1213
P18,52.5,603.0373,612.2049
P18,53.0,603.0886,614.165
P18,53.5,603.1293,612.9754
P18,54.0,603.10645,611.42236
P18,54.5,603.0473,610.08954
P18,55.0,603.04254,608.68335
P18,55.5,603.12036,607.0458
P18,56.0,603.2025,605.3785
P18,56.5,603.0823,604.58765
P18,57.0,603.00085,604.2804
P18,57.5,602.9025,603.91693
P18,58.0,602.8118,603.61975
P18,58.5,602.8746,603.2867
P18,59.0,602.9245,603.0855
P18,59.5,602.9546,603.6213
P18,60.0,602.9712,604.37286
P18,60.5,603.0095,604.50354
P18,61.0,603.0803,603.7891
P18,61.5,603.12683,603.2484
P18,62.0,603.16394,603.2722
P18,62.5,603.18304,603.3617
P18,63.0,603.194,603.45996
P18,63.5,603.2072,604.7991
P18,64.0,603.2625,609.0291
P18,64.5,603.343,612.431
P18,65.0,603.40955,612.42035
P18,65.5,603.48584,612.3335
P18,66.0,603.5624,612.1088
P18,66.5,603.6412,611.9189
P18,67.0,603.721,610.5946
P18,67.5,603.80255,608.8766
P18,68.0,603.88495,608.3054
P18,68.5,603.97205,608.719
P18,69.0,604.06195,609.59314
P18,69.5,604.1538,610.4811
P18,70.0,604.2484,610.88983
P18,70.5,604.3456,610.9843
P18,71.0,604.4455,611.03253
P18,71.5,604.5522,610.9859
P18,72.0,604.6624,610.8841
P18,72.5,604.7763,610.6886
P18,73.0,604.8931,610.48846
P18,73.5,605.0155,610.2755
P18,74.0,605.14075,610.0236
P18,74.5,605.27216,609.40656
P18,75.0,605.4033,608.79266
P18,75.5,605.54553,608.7278
P18,76.0,605.68646,608.5923
P18,76.5,605.82825,608.53406
P18,77.0,605.96643,608.50323
P18,77.5,606.08936,608.27234
P18,78.0,606.2067,608.0288
P18,78.5,606.2988,607.8452
P18,79.0,606.37164,607.61884
P18,79.5,606.4029,607.2261
P18,80.0,606.372,606.86743
P18,80.5,606.3703,606.7495
P18,81.0,606.38104,606.66754
P18,81.5,606.40497,606.65625
P18,82.0,606.4972,606.75244
P18,82.5,606.6137,606.85187
P18,83.0,606.57227,606.8105
P18,83.5,606.489,606.7099
P18,84.0,606.6134,606.78217
P18,84.5,606.7111,606.8556
P18,85.0,606.8448,606.97986
P18,85.5,607.01117,607.1184
P18,86.0,607.06775,607.16644
P18,86.5,607.00055,607.1448
P18,87.0,607.00757,607.17175
P18,87.5,607.0504,607.2507
P18,88.0,607.0803,607.33105
P18,88.5,607.1169,607.3917
P18,89.0,607.1638,607.48236
P18,89.5,607.1872,607.63525
P18,90.0,607.27295,607.98157
P18,90.5,607.486,608.64996
P18,91.0,607.705,609.03235
P18,91.5,607.9023,609.4383
P18,92.0,608.1109,610.019
P18,92.5,608.2967,611.07806
P18,93.0,608.48315,611.9952
P18,93.5,608.6274,612.1039
P18,94.0,608.7585,612.1346
P18,94.5,608.85693,612.0283
P18,95.0,608.937,611.9107
P18,95.5,609.0003,611.84644
P18,96.0,609.05804,611.88043
P18,96.5,609.12024,611.9055
P18,97.0,609.1889,611.85736
P18,97.5,609.2639,611.83624
P18,98.0,609.3503,611.80865
P18,98.5,609.43854,611.7835
P18,99.0,609.5426,612.0592
P18,99.5,609.6492,612.4399
P18,100.0,609.7756,613.3661
P18,100.5,609.90137,614.60626
P18,101.0,610.0433,614.8639
P18,101.5,610.17975,614.8619
P18,102.0,610.3145,614.7366
P18,102.5,610.4504,614.5755
P18,103.0,610.5723,614.12994
P18,103.5,610.6924,613.60645
P18,104.0,610.79565,613.4406
P18,104.5,610.89355,613.4108
P18,105.0,610.97687,613.30804
P18,105.5,611.0525,613.14777
P18,106.0,611.1217,613.04193
P18,106.5,611.1769,613.14685
P18,107.0,611.23724,613.2586
P18,107.5,611.33295,613.09717
P18,108.0,611.44183,613.0203
P18,108.5,611.5585,613.18054
P18,109.0,611.6815,613.50665
P18,109.5,611.7951,614.01324
P18,110.0,611.911,614.4555
P18,110.5,612.00806,614.7373
P18,111.0,612.1038,614.94366
P18,111.5,612.17773,614.97156
P18,112.0,612.24567,614.9409
P18,112.5,612.2911,614.51953
P18,113.0,612.32697,613.81915
P18,113.5,612.35205,613.3933
P18,114.0,612.3375,613.2157
P18,114.5,612.3222,613.1221
P18,115.0,612.34296,613.0734
P18,115.5,612.3771,613.0354
P18,116.0,612.43695,612.9975
P18,116.5,612.50635,612.9471
P18,117.0,612.5829,613.12555
P18,117.5,612.6688,613.3844
P18,118.0,612.73645,613.6308
P18,118.5,612.81226,613.8519
P18,119.0,612.85376,613.89264
P18,119.5,612.8721,613.92944
P18,120.0,612.8845,613.8748
P18,120.5,612.9065,613.76276
P18,121.0,612.9979,613.61237
P18,121.5,613.1059,613.4054
P18,122.0,613.1576,613.3036
P18,122.5,613.1928,613.39014
P18,123.0,613.14844,613.4476
P18,123.5,612.99994,613.43146
P18,124.0,612.8795,613.311
P18,124.5,612.7552,613.0005
P18,125.0,612.62524,612.7716
P18,125.5,612.59515,612.75305
P18,126.0,612.5535,612.6515
P18,126.5,612.56604,612.66315
P18,127.0,612.56744,612.67163
P18,127.5,612.6471,612.76996
P18,128.0,612.7229,612.85486
P18,128.5,612.8077,612.98566
P18,129.0,612.9004,613.15753
P18,129.5,612.9858,613.23926
P18,130.0,613.0878,613.2557
P18,130.5,613.1854,613.3225
P18,131.0,613.2755,613.5349
P18,131.5,613.37384,613.85406
P18,132.0,613.5242,614.02997
P18,132.5,613.6968,614.102
P18,133.0,613.76624,614.07837
P18,133.5,613.80164,614.03015
P18,134.0,613.85944,614.1724
P18,134.5,613.9495,614.28436
P18,135.0,614.2125,614.515
P18,135.5,614.459,614.7346
P18,136.0,614.6647,614.89026
P18,136.5,614.86426,615.037
P18,137.0,614.9956,615.1634
P18,137.5,615.099,615.3016
P18,138.0,615.1345,615.6388
P18,138.5,615.1468,616.2839
P18,139.0,615.1607,616.80035
P18,139.5,615.1865,617.10657
P18,140.0,615.2269,616.8464
P18,140.5,615.2717,616.09076
P18,141.0,615.3233,615.69934
P18,141.5,615.3839,615.7443
P18,142.0,615.4231,615.7442
P18,142.5,615.4201,615.72565
P18,143.0,615.4148,615.7073
P18,143.5,615.4795,615.79425
P18,144.0,615.541,615.81964
P18,144.5,615.5071,615.75214
P18,145.0,615.499,615.6798
P18,145.5,615.53143,615.6972
P18,146.0,615.52747,615.7391
P18,146.5,615.46344,615.726
P18,147.0,615.4271,615.72437
P18,147.5,615.4349,615.71246
P18,148.0,615.49146,615.73566
P18,148.5,615.5779,615.7809
P18,149.0,615.5912,615.7883
P18,149.5,615.5639,615.7827
P18,150.0,615.5321,615.77075
P18,150.5,615.54675,615.79407
P18,151.0,615.6523,615.8573
P18,151.5,615.7613,615.9142
P18,152.0,615.66565,615.86597
P18,152.5,615.55817,615.7882
P18,153.0,615.5125,615.65955
P18,153.5,615.4744,615.54626
P18,154.0,615.501,615.5529
P18,154.5,615.53955,615.5747
P18,155.0,615.53156,615.57324
P18,155.5,615.49896,615.55725
P18,156.0,615.4521,615.5245
P18,156.5,615.40436,615.4785
P18,157.0,615.3668,615.435
P18,157.5,615.3535,615.41406
P18,158.0,615.3575,615.41254
P18,158.5,615.35547,615.4115
P18,159.0,615.3513,615.4101
P18,159.5,615.34686,615.4028
P18,160.0,615.34717,615.4005
P18,160.5,615.3738,615.4331
P18,161.0,615.3973,615.451
P18,161.5,615.37726,615.4328
P18,162.0,615.36273,615.4241
P18,162.5,615.3623,615.45514
P18,163.0,615.3602,615.4623
P18,163.5,615.37396,615.494
P18,164.0,615.39966,615.54004
P18,164.5,615.47766,615.6443
P18,165.0,615.5727,615.76013
P18,165.5,615.6359,615.9176
P18,166.0,615.6979,615.9869
P18,166.5,615.75946,615.88245
P18,167.0,615.7631,615.9034
P18,167.5,615.7604,616.12463
P18,168.0,615.7325,616.57245
P18,168.5,615.718,616.6534
P18,169.0,615.6505,616.29596
P18,169.5,615.5612,615.82513
P18,170.0,615.34937,615.82996
P18,170.5,615.19324,615.8676
P18,171.0,615.4221,615.95917
P18,171.5,615.638,615.983
P18,172.0,615.6526,615.9468
P18,172.5,615.64667,615.8059
P18,173.0,615.6584,615.8314
P18,173.5,615.66174,615.8714
P18,174.0,615.6438,616.7118
P18,174.5,615.61273,617.45074
P18,175.0,615.5759,616.9024
P18,175.5,615.5052,615.7599
P18,176.0,615.4238,615.7236
P18,176.5,615.3362,615.8775
P18,177.0,615.23834,615.87805
P18,177.5,615.18524,615.879
P18,178.0,615.14166,615.93427
P18,178.5,615.15063,615.76447
P18,179.0,615.18304,615.6242
P18,179.5,615.1364,615.4613
P18,180.0,615.0932,615.32556
P21,0.0,600.9331,604.2253
P21,0.5,600.9697,604.2529
P21,1.0,600.9984,604.41064
P21,1.5,600.9878,605.1775
P21,2.0,600.97687,605.87933
P21,2.5,600.96674,606.0242
P21,3.0,600.965,606.1341
P21,3.5,601.0298,605.9424
P21,4.0,601.0586,605.5084
P21,4.5,600.90894,603.1298
P21,5.0,600.78485,600.9454
P21,5.5,600.7915,600.93317
P21,6.0,600.80084,600.9263
P21,6.5,600.8029,600.9231
P21,7.0,600.81476,600.9384
P21,7.5,600.9205,601.1035
P21,8.0,601.01904,601.25104
P21,8.5,601.31177,601.62634
P21,9.0,601.56757,602.023
P21,9.5,601.6383,602.3067
P21,10.0,601.76373,602.5696
P21,10.5,601.9114,602.7829
P21,11.0,601.99054,602.96844
P21,11.5,601.7888,602.93774
P21,12.0,601.6039,602.8666
P21,12.5,601.47003,602.3233
P21,13.0,601.35614,601.75665
P21,13.5,601.40216,601.6955
P21,14.0,601.4911,601.7596
P21,14.5,601.56195,602.00854
P21,15.0,601.5804,602.3033
P21,15.5,601.5103,603.0937
P21,16.0,601.431,603.8823
P21,16.5,601.3659,604.15375
P21,17.0,601.31775,604.3038
P21,17.5,601.3114,603.52454
P21,18.0,601.3139,602.40405
P21,18.5,601.24725,601.80225
P21,19.0,601.1382,601.48755
P21,19.5,601.1714,601.4596
P21,20.0,601.2805,601.5381
P21,20.5,601.3164,601.5791
P21,21.0,601.30334,601.59766
P21,21.5,601.2361,601.5565
P21,22.0,601.14777,601.4592
P21,22.5,601.1549,601.4246
P21,23.0,601.2082,601.4335
P21,23.5,601.1929,601.49896
P21,24.0,601.1416,601.60767
P21,24.5,601.159,601.6994
P21,25.0,601.23584,601.79877
P21,25.5,601.3062,601.8793
P21,26.0,601.38617,601.94305
P21,26.5,601.44617,601.974
P21,27.0,601.4565,601.9728
P21,27.5,601.4631,602.20996
P21,28.0,601.4564,602.6898
P21,28.5,601.4228,602.8996
P21,29.0,601.3632,602.78906
P21,29.5,601.2984,602.4746
P21,30.0,601.23236,601.9435
P21,30.5,601.18115,601.64246
P21,31.0,601.11945,601.586
P21,31.5,601.1215,601.5963
P21,32.0,601.24176,601.73456
P21,32.5,601.334,601.8065
P21,33.0,601.38934,601.72974
P21,33.5,601.407,601.7394
P21,34.0,601.375,601.8365
P21,34.5,601.3612,601.86707
P21,35.0,601.37256,601.9385
P21,35.5,601.3814,602.83075
P21,36.0,601.3981,606.1119
P21,36.5,601.41675,608.70386
P21,37.0,601.4395,608.90125
P21,37.5,601.4656,609.04645
P21,38.0,601.4985,609.0076
P21,38.5,601.533,609.19354
P21,39.0,601.5651,610.55975
P21,39.5,601.59796,611.88635
P21,40.0,601.63086,611.81366
P21,40.5,601.66034,611.68176
P21,41.0,601.6809,611.1472
P21,41.5,601.6904,610.2036
P21,42.0,601.6391,605.94037
P21,42.5,601.6101,602.07214
P21,43.0,601.6756,601.97516
P21,43.5,601.73596,601.848
P21,44.0,601.783,601.8682
P21,44.5,601.828,601.8855
P21,45.0,601.8834,601.973
P21,45.5,601.93,602.0502
P21,46.0,601.9721,602.1599
P21,46.5,602.02435,602.4011
P21,47.0,601.99084,602.57196
P21,47.5,601.9582,602.7386
P21,48.0,602.027,602.6369
P21,48.5,602.09546,602.3862
P21,49.0,602.1319,602.4045
P21,49.5,602.17645,602.46344
P21,50.0,602.17224,602.4102
P21,50.5,602.1586,602.32227
P21,51.0,602.08466,602.2887
P21,51.5,601.97986,602.21515
P21,52.0,602.0148,602.3501
P21,52.5,602.07886,602.52246
P21,53.0,602.2212,602.8916
P21,53.5,602.35815,603.33887
P21,54.0,602.4701,603.8644
P21,54.5,602.588,604.3992
P21,55.0,602.6734,604.6867
P21,55.5,602.7467,604.90326
P21,56.0,602.81354,604.9999
P21,56.5,602.8775,605.05084
P21,57.0,602.95026,604.93695
P21,57.5,603.02576,604.73303
P21,58.0,603.1135,604.6589
P21,58.5,603.2077,604.67816
P21,59.0,603.2993,604.8086
P21,59.5,603.38806,604.9897
P21,60.0,603.46265,605.171
P21,60.5,603.5266,605.3318
P21,61.0,603.5804,605.3714
P21,61.5,603.62634,605.34534
P21,62.0,603.6766,605.31726
P21,62.5,603.73254,605.2486
P21,63.0,603.80304,605.088
P21,63.5,603.8939,604.84534
P21,64.0,603.8885,604.48157
P21,64.5,603.7908,604.11346
P21,65.0,603.70996,603.96826
P21,65.5,603.668,604.0488
P21,66.0,603.7391,604.1891
P21,66.5,603.9324,604.3958
P21,67.0,604.2145,604.9005
P21,67.5,604.5716,605.7663
P21,68.0,604.8628,606.3963
P21,68.5,605.09485,606.6999
P21,69.0,605.30774,607.115
P21,69.5,605.49396,607.6498
P21,70.0,605.66626,608.0312
P21,70.5,605.8167,608.19617
P21,71.0,605.9561,608.31537
P21,71.5,606.07495,608.35376
P21,72.0,606.18414,608.3257
P21,72.5,606.2733,608.1353
P21,73.0,606.3563,608.32776
P21,73.5,606.42114,609.8037
P21,74.0,606.48303,611.761
P21,74.5,606.5318,613.619
P21,75.0,606.58075,615.0084
P21,75.5,606.6262,616.3059
P21,76.0,606.6732,617.5525
P21,76.5,606.72504,617.9869
P21,77.0,606.77203,618.1987
P21,77.5,606.8274,618.24786
P21,78.0,606.8841,618.29675
P21,78.5,606.94855,618.3294
P21,79.0,607.01416,618.37213
P21,79.5,607.0848,618.56555
P21,80.0,607.1572,618.7687
P21,80.5,607.2318,618.939
P21,81.0,607.3091,619.0636
P21,81.5,607.38794,618.9458
P21,82.0,607.47003,618.79974
P21,82.5,607.553,618.57306
P21,83.0,607.63824,618.4054
P21,83.5,607.72015,618.2177
P21,84.0,607.8062,618.00775
P21,84.5,607.88586,619.0878
P21,85.0,607.9693,620.14026
P21,85.5,608.0483,620.93243
P21,86.0,608.1304,621.72125
P21,86.5,608.21985,621.85785
P21,87.0,608.31256,621.94257
P21,87.5,608.4301,621.8337
P21,88.0,608.5532,621.6987
P21,88.5,608.7125,621.53467
P21,89.0,608.8813,621.3658
P21,89.5,609.083,620.98596
P21,90.0,609.2903,620.53955
P21,90.5,609.5067,620.1111
P21,91.0,609.72473,619.6808
P21,91.5,609.93427,619.0791
P21,92.0,610.1393,618.49274
P21,92.5,610.3307,618.6019
P21,93.0,610.5139,618.9305
P21,93.5,610.68146,619.1518
P21,94.0,610.8392,619.2669
P21,94.5,610.97974,619.58014
P21,95.0,611.1104,619.9749
P21,95.5,611.2195,620.9071
P21,96.0,611.3198,621.9256
P21,96.5,611.40594,622.33374
P21,97.0,611.48535,622.66364
P21,97.5,611.5549,623.2396
P21,98.0,611.619,623.87317
P21,98.5,611.67694,624.1987
P21,99.0,611.73083,624.32733
P21,99.5,611.7874,624.4306
P21,100.0,611.8454,624.5129
P21,100.5,611.927,624.67035
P21,101.0,612.0259,624.9202
P21,101.5,612.16455,625.20374
P21,102.0,612.3363,625.5066
P21,102.5,612.5424,625.7073
P21,103.0,612.78156,625.7778
P21,103.5,613.0283,625.7933
P21,104.0,613.28564,625.75867
P21,104.5,613.5306,625.4609
P21,105.0,613.76337,624.8392
P21,105.5,613.9732,624.38367
P21,106.0,614.15283,624.16986
P21,106.5,614.31366,623.9832
P21,107.0,614.4443,623.8445
P21,107.5,614.5647,622.42926
P21,108.0,614.6621,618.8587
P21,108.5,614.76355,616.54016
P21,109.0,614.8686,616.4926
P21,109.5,614.9844,616.4988
P21,110.0,615.1188,616.5665
P21,110.5,615.2615,616.674
P21,111.0,615.4201,616.9578
P21,111.5,615.577,617.2078
P21,112.0,615.72565,617.32587
P21,112.5,615.8666,617.36975
P21,113.0,615.98126,617.16284
P21,113.5,616.088,617.0406
P21,114.0,616.16376,617.17804
P21,114.5,616.23566,617.3131
P21,115.0,616.28815,617.421
P21,115.5,616.3393,617.5299
P21,116.0,616.3784,617.64526
P21,116.5,616.4162,617.7288
P21,117.0,616.44324,617.6649
P21,117.5,616.4684,617.6291
P21,118.0,616.4818,617.887
P21,118.5,616.49347,618.1362
P21,119.0,616.49365,618.221
P21,119.5,616.4926,618.3088
P21,120.0,616.485,618.09045
P21,120.5,616.4779,617.8363
P21,121.0,616.4497,617.3311
P21,121.5,616.42535,616.8453
P21,122.0,616.46295,616.74835
P21,122.5,616.50885,616.70074
P21,123.0,616.5607,616.79626
P21,123.5,616.6193,616.903
P21,124.0,616.65045,617.00934
P21,124.5,616.6746,617.1146
P21,125.0,616.6829,617.6734
P21,125.5,616.6594,618.22656
P21,126.0,616.61633,617.764
P21,126.5,616.5853,617.1759
P21,127.0,616.53925,617.06995
P21,127.5,616.4955,617.03296
P21,128.0,616.45325,616.83093
P21,128.5,616.4133,616.61426
P21,129.0,616.3634,616.54
P21,129.5,616.3055,616.49634
P21,130.0,616.2893,616.43256
P21,130.5,616.28217,616.34247
P21,131.0,616.27936,616.341
P21,131.5,616.2757,616.3555
P21,132.0,616.26587,616.34
P21,132.5,616.2528,616.32
P21,133.0,616.2438,616.29944
P21,133.5,616.2364,616.27655
P21,134.0,616.23706,616.27094
P21,134.5,616.2395,616.273
P21,135.0,616.2455,616.2803
P21,135.5,616.25183,616.2867
P21,136.0,616.2483,616.2935
P21,136.5,616.2386,616.29504
P21,137.0,616.2226,616.3665
P21,137.5,616.2062,616.46875
P21,138.0,616.19226,616.4831
P21,138.5,616.1766,616.4493
P21,139.0,616.1614,616.35614
P21,139.5,616.1463,616.21844
P21,140.0,616.1269,616.1554
P21,140.5,616.1045,616.1474
P21,141.0,616.0862,616.1386
P21,141.5,616.07086,616.12665
P21,142.0,616.0562,616.10626
P21,142.5,616.04254,616.08026
P21,143.0,616.0303,616.0591
P21,143.5,616.0196,616.0409
P21,144.0,616.01013,616.0296
P21,144.5,616.00226,616.0296
P21,145.0,615.99524,616.0281
P21,145.5,615.98956,616.02313
P21,146.0,615.98456,616.0192
P21,146.5,615.9804,616.01605
P21,147.0,615.97766,616.0121
P21,147.5,615.97894,616.0103
P21,148.0,615.9815,616.01227
P21,148.5,615.98645,616.019
P21,149.0,615.98596,616.01733
P21,149.5,615.9716,615.99677
P21,150.0,615.95667,615.9792
P21,150.5,615.94196,615.96893
P21,151.0,615.9293,615.96
P21,151.5,615.9194,615.96
P21,152.0,615.9099,615.9563
P21,152.5,615.9023,615.9393
P21,153.0,615.8954,615.92596
P21,153.5,615.8893,615.9226
P21,154.0,615.883,615.9178
P21,154.5,615.87115,615.9046
P21,155.0,615.8593,615.8929
P21,155.5,615.8549,615.8908
P21,156.0,615.8499,615.8879
P21,156.5,615.8495,615.88416
P21,157.0,615.84985,615.8804
P21,157.5,615.851,615.8853
P21,158.0,615.8519,615.8908
P21,158.5,615.86145,615.90594
P21,159.0,615.8701,615.91754
P21,159.5,615.87506,615.9152
P21,160.0,615.88,615.9152
P21,160.5,615.8778,615.915
P21,161.0,615.8764,615.91626
P21,161.5,615.8611,615.89935
P21,162.0,615.8449,615.8811
P21,162.5,615.8493,615.89685
P21,163.0,615.85455,615.9171
P21,163.5,615.89105,616.1121
P21,164.0,615.9279,616.3306
P21,164.5,615.9687,616.63
P21,165.0,616.0075,616.92596
P21,165.5,615.96234,616.92944
P21,166.0,615.9044,616.8699
P21,166.5,615.83136,616.41016
P21,167.0,615.76294,615.89703
P21,167.5,615.74194,615.8154
P21,168.0,615.72876,615.82947
P21,168.5,615.73114,615.83594
P21,169.0,615.74005,615.8492
P21,169.5,615.7432,615.84485
P21,170.0,615.7411,615.822
P21,170.5,615.737,615.7977
P21,171.0,615.7336,615.7759
P21,171.5,615.724,615.7619
P21,172.0,615.7123,615.75165
P21,172.5,615.6997,615.7396
P21,173.0,615.68774,615.7289
P21,173.5,615.69135,615.7344
P21,174.0,615.70337,615.74805
P21,174.5,615.70874,615.75494
P21,175.0,615.7102,615.7562
P21,175.5,615.7372,615.8001
P21,176.0,615.7837,615.8748
P21,176.5,615.8393,615.93134
P21,177.0,615.8919,615.96747
P21,177.5,615.925,616.0017
P21,178.0,615.9416,616.0375
P21,178.5,615.9387,616.0493
P21,179.0,615.91766,616.0341
P21,179.5,615.88824,615.99915
P21,180.0,615.84985,615.9421
P32,0.0,599.10785,608.59424
P32,0.5,599.0837,609.5567
P32,1.0,599.06177,610.58545
P32,1.5,599.0428,611.33417
P32,2.0,599.025,612.9513
P32,2.5,599.00836,616.3468
P32,3.0,598.9902,618.69305
P32,3.5,598.96643,618.8624
P32,4.0,598.9379,619.04877
P32,4.5,598.8927,619.10156
P32,5.0,598.84296,619.2492
P32,5.5,598.7787,619.9009
P32,6.0,598.71545,620.8258
P32,6.5,598.6581,622.1993
P32,7.0,598.60474,623.37366
P32,7.5,598.58496,623.95734
P32,8.0,598.5674,624.4862
P32,8.5,598.5838,624.6383
P32,9.0,598.60065,624.7852
P32,9.5,598.63574,624.93774
P32,10.0,598.67,625.0797
P32,10.5,598.70886,625.01514
P32,11.0,598.7477,624.976
P32,11.5,598.80237,625.0929
P32,12.0,598.8576,625.2102
P32,12.5,598.9381,625.37115
P32,13.0,599.0203,625.50507
P32,13.5,599.12415,625.44244
P32,14.0,599.23,625.33527
P32,14.5,599.3366,625.29144
P32,15.0,599.4422,625.2532
P32,15.5,599.524,625.3611
P32,16.0,599.5997,625.52
P32,16.5,599.6421,625.85815
P32,17.0,599.6739,626.2715
P32,17.5,599.68335,626.5647
P32,18.0,599.68353,626.7888
P32,18.5,599.6878,626.84625
P32,19.0,599.6921,626.8428
P32,19.5,599.72186,626.8233
P32,20.0,599.7635,626.7639
P32,20.5,599.8397,626.7019
P32,21.0,599.93506,626.66296
P32,21.5,600.0492,626.6771
P32,22.0,600.1778,626.72266
P32,22.5,600.3082,626.73254
P32,23.0,600.4412,626.7196
P32,23.5,600.5652,626.3028
P32,24.0,600.6803,625.39154
P32,24.5,600.7818,624.70087
P32,25.0,600.8664,624.4856
P32,25.5,600.94006,624.39087
P32,26.0,600.9987,624.3551
P32,26.5,601.05286,624.24615
P32,27.0,601.0988,623.9953
P32,27.5,601.1438,623.3268
P32,28.0,601.18634,621.8835
P32,28.5,601.22797,620.9538
P32,29.0,601.26855,621.081
P32,29.5,601.3072,621.1241
P32,30.0,601.34235,621.02325
P32,30.5,601.3768,620.89087
P32,31.0,601.4084,620.7089
P32,31.5,601.439,620.5516
P32,32.0,601.4656,620.3172
P32,32.5,601.49207,620.1232
P32,33.0,601.5185,620.10846
P32,33.5,601.54456,620.0878
P32,34.0,601.5701,619.99786
P32,34.5,601.5945,619.8156
P32,35.0,601.60876,618.533
P32,35.5,601.6217,617.12854
P32,36.0,601.61414,616.084
P32,36.5,601.6049,614.9556
P32,37.0,601.5788,613.76166
P32,37.5,601.54926,612.4431
P32,38.0,601.5308,610.2212
P32,38.5,601.5084,607.539
P32,39.0,601.5329,606.24646
P32,39.5,601.55786,605.2509
P32,40.0,601.6434,602.9661
P32,40.5,601.7358,600.36273
P32,41.0,601.8706,600.8233
P32,41.5,602.01337,601.8185
P32,42.0,602.17145,602.5828
P32,42.5,602.3354,603.212
P32,43.0,602.50037,603.30084
P32,43.5,602.6685,603.3433
P32,44.0,602.8433,603.5401
P32,44.5,603.02527,603.76544
P32,45.0,603.2888,603.9227
P32,45.5,603.6187,604.0241
P32,46.0,603.76556,604.1644
P32,46.5,603.79004,604.3169
P32,47.0,603.76935,604.37573
P32,47.5,603.72955,604.37604
P32,48.0,603.74,604.3257
P32,48.5,603.771,604.2611
P32,49.0,603.75494,604.135
P32,49.5,603.7158,603.88446
P32,50.0,603.7078,603.6797
P32,50.5,603.7082,603.5667
P32,51.0,603.68054,603.6227
P32,51.5,603.6458,603.89484
P32,52.0,603.65265,604.4756
P32,52.5,603.70374,606.63513
P32,53.0,603.7777,609.05585
P32,53.5,603.8795,610.252
P32,54.0,603.94836,612.2772
P32,54.5,603.98016,615.12695
P32,55.0,604.0062,616.3904
P32,55.5,604.01843,616.27893
P32,56.0,604.0319,616.1774
P32,56.5,604.0395,616.1856
P32,57.0,604.04846,616.2088
P32,57.5,604.05554,615.79504
P32,58.0,604.06696,614.8487
P32,58.5,604.0851,612.03674
P32,59.0,604.10785,609.42615
P32,59.5,604.1405,608.33813
P32,60.0,604.1761,607.3901
P32,60.5,604.21765,607.10126
P32,61.0,604.26013,606.83685
P32,61.5,604.295,607.3358
P32,62.0,604.32837,607.7424
P32,62.5,604.354,608.29004
P32,63.0,604.38116,608.90533
P32,63.5,604.40344,609.14325
P32,64.0,604.427,609.3987
P32,64.5,604.452,609.478
P32,65.0,604.47784,609.5281
P32,65.5,604.5107,609.76526
P32,66.0,604.54425,610.0345
P32,66.5,604.58527,610.101
P32,67.0,604.6266,610.1236
P32,67.5,604.67834,610.1474
P32,68.0,604.7325,610.1691
P32,68.5,604.8158,609.56085
P32,69.0,604.9081,608.7802
P32,69.5,605.0613,607.98364
P32,70.0,605.2372,607.19684
P32,70.5,605.4795,606.61786
P32,71.0,605.7519,606.0854
P32,71.5,606.0546,606.04156
P32,72.0,606.3719,606.4016
P32,72.5,606.6611,606.9478
P32,73.0,606.9342,607.5826
P32,73.5,607.16,607.9683
P32,74.0,607.3522,608.1941
P32,74.5,607.5118,610.1202
P32,75.0,607.6438,613.35065
P32,75.5,607.7683,615.1227
P32,76.0,607.8852,615.58673
P32,76.5,608.00385,615.8721
P32,77.0,608.1234,616.10016
P32,77.5,608.24457,616.26654
P32,78.0,608.36865,616.30054
P32,78.5,608.494,616.29913
P32,79.0,608.6218,616.2371
P32,79.5,608.7502,616.07166
P32,80.0,608.8805,615.7388
P32,80.5,609.011,615.4881
P32,81.0,609.1431,615.4115
P32,81.5,609.27515,615.2908
P32,82.0,609.4088,615.0694
P32,82.5,609.5423,616.2072
P32,83.0,609.6773,622.0013
P32,83.5,609.81213,626.69806
P32,84.0,609.94824,626.6558
P32,84.5,610.08405,626.6318
P32,85.0,610.22076,626.6174
P32,85.5,610.35706,626.497
P32,86.0,610.494,626.2015
P32,86.5,610.6305,625.93835
P32,87.0,610.76733,626.61523
P32,87.5,610.90295,627.4296
P32,88.0,611.0389,627.6493
P32,88.5,611.1742,627.98816
P32,89.0,611.30975,628.3745
P32,89.5,611.44476,628.701
P32,90.0,611.5801,628.9119
P32,90.5,611.71484,628.88947
P32,91.0,611.84985,628.43335
P32,91.5,611.98444,627.91327
P32,92.0,612.1191,626.57574
P32,92.5,612.2532,625.41656
P32,93.0,612.3871,625.2901
P32,93.5,612.5206,625.1431
P32,94.0,612.65405,624.2693
P32,94.5,612.7871,622.9412
P32,95.0,612.92017,621.28125
P32,95.5,613.05286,620.08453
P32,96.0,613.18524,620.13043
P32,96.5,613.31726,620.44867
P32,97.0,613.44867,620.7581
P32,97.5,613.5808,621.08704
P32,98.0,613.7129,621.47845
P32,98.5,613.8442,621.9284
P32,99.0,613.9747,622.35443
P32,99.5,614.1044,622.7477
P32,100.0,614.2355,623.1368
P32,100.5,614.36743,623.4997
P32,101.0,614.5046,623.7347
P32,101.5,614.6461,623.90344
P32,102.0,614.7919,623.66266
P32,102.5,614.94336,622.9827
P32,103.0,615.09546,622.7086
P32,103.5,615.2451,622.85254
P32,104.0,615.3826,622.6054
P32,104.5,615.5045,621.7531
P32,105.0,615.622,620.95734
P32,105.5,615.7396,620.2882
P32,106.0,615.83185,619.25916
P32,106.5,615.84735,617.59534
P32,107.0,615.82684,616.2031
P32,107.5,615.754,615.8528
P32,108.0,615.70374,615.7683
P32,108.5,615.7165,615.76855
P32,109.0,615.73016,615.7748
P32,109.5,615.7468,615.79645
P32,110.0,615.7537,615.81354
P32,110.5,615.7224,615.8046
P32,111.0,615.6939,615.7838
P32,111.5,615.6654,615.7257
P32,112.0,615.6391,615.679
P32,112.5,615.6109,615.65076
P32,113.0,615.57965,615.6221
P32,113.5,615.57477,615.6224
P32,114.0,615.5689,615.6196
P32,114.5,615.53687,615.61035
P32,115.0,615.5086,615.6039
P32,115.5,615.5036,615.65814
P32,116.0,615.4983,615.7138
P32,116.5,615.585,615.754
P32,117.0,615.6766,615.7963
P32,117.5,615.62805,615.76746
P32,118.0,615.5662,615.7275
P32,118.5,615.405,615.5975
P32,119.0,615.2227,615.44745
P32,119.5,615.17145,615.3282
P32,120.0,615.1507,615.2228
P32,120.5,615.15314,615.20807
P32,121.0,615.15643,615.21234
P32,121.5,615.13446,615.2066
P32,122.0,615.1088,615.2016
P32,122.5,615.04926,615.1352
P32,123.0,614.9756,615.0426
P32,123.5,614.91547,615.0301
P32,124.0,614.863,615.0432
P32,124.5,614.8297,614.98145
P32,125.0,614.8042,614.8857
P32,125.5,614.7795,614.8441
P32,126.0,614.75543,614.83624
P32,126.5,614.7157,614.8731
P32,127.0,614.66754,614.9563
P32,127.5,614.761,615.14624
P32,128.0,614.9865,615.4111
P32,128.5,615.042,615.8358
P32,129.0,614.9575,616.4905
P32,129.5,614.9151,617.1276
P32,130.0,614.9042,617.6156
P32,130.5,614.8949,617.86664
P32,131.0,614.8863,617.8435
P32,131.5,614.87683,617.81995
P32,132.0,614.86584,617.86536
P32,132.5,614.85236,617.92834
P32,133.0,614.8341,617.95197
P32,133.5,614.8144,617.9919
P32,134.0,614.7899,618.04364
P32,134.5,614.7658,618.06665
P32,135.0,614.74255,618.1147
P32,135.5,614.7226,618.2253
P32,136.0,614.7143,618.3126
P32,136.5,614.7098,618.4405
P32,137.0,614.7227,618.7198
P32,137.5,614.7377,619.01855
P32,138.0,614.76587,618.8702
P32,138.5,614.79535,618.6279
P32,139.0,614.82983,618.9468
P32,139.5,614.86426,619.2716
P32,140.0,614.89343,619.52264
P32,140.5,614.9227,619.7558
P32,141.0,614.94415,619.8871
P32,141.5,614.9657,619.98413
P32,142.0,614.9803,620.25806
P32,142.5,614.9946,620.612
P32,143.0,615.0044,620.72864
P32,143.5,615.01373,620.8083
P32,144.0,615.0231,620.7459
P32,144.5,615.0321,620.6653
P32,145.0,615.0406,620.74347
P32,145.5,615.049,620.8461
P32,146.0,615.0575,620.8691
P32,146.5,615.0659,620.8398
P32,147.0,615.0743,620.8272
P32,147.5,615.0826,620.81866
P32,148.0,615.0907,620.60474
P32,148.5,615.0987,620.37537
P32,149.0,615.10693,620.3439
P32,149.5,615.1152,620.3749
P32,150.0,615.1235,622.41986
P32,150.5,615.1317,625.54645
P32,151.0,615.13995,626.89954
P32,151.5,615.14825,627.2055
P32,152.0,615.1566,627.57495
P32,152.5,615.1649,627.931
P32,153.0,615.1732,628.0517
P32,153.5,615.1814,627.978
P32,154.0,615.1892,628.1699
P32,154.5,615.19653,628.595
P32,155.0,615.2038,628.762
P32,155.5,615.21106,628.71155
P32,156.0,615.2183,628.5079
P32,156.5,615.2255,628.15063
P32,157.0,615.2327,627.63556
P32,157.5,615.2399,626.8027
P32,158.0,615.2471,626.13245
P32,158.5,615.2543,625.84705
P32,159.0,615.26135,625.7021
P32,159.5,615.26776,625.6696
P32,160.0,615.2742,625.43646
P32,160.5,615.2806,624.92053
P32,161.0,615.287,624.57275
P32,161.5,615.2934,624.5915
P32,162.0,615.2998,624.615
P32,162.5,615.3062,624.8764
P32,163.0,615.31256,625.1835
P32,163.5,615.319,625.3408
P32,164.0,615.3254,625.4846
P32,164.5,615.33136,625.3982
P32,165.0,615.33734,625.3181
P32,165.5,615.34326,625.49304
P32,166.0,615.34924,625.68243
P32,166.5,615.3552,625.88666
P32,167.0,615.36115,626.0976
P32,167.5,615.3671,626.1327
P32,168.0,615.37305,626.1621
P32,168.5,615.37897,626.2102
P32,169.0,615.38495,626.24585
P32,169.5,615.39044,626.2709
P32,170.0,615.39557,626.2848
P32,170.5,615.40076,626.067
P32,171.0,615.4059,625.8587
P32,171.5,615.411,625.9612
P32,172.0,615.4162,626.1064
P32,172.5,615.4213,626.1405
P32,173.0,615.42645,626.14703
P32,173.5,615.43164,626.27026
P32,174.0,615.43677,626.38617
P32,174.5,615.44165,626.3953
P32,175.0,615.4458,626.37427
P32,175.5,615.44995,626.3739
P32,176.0,615.4541,626.4047
P32,176.5,615.4582,626.43726
P32,177.0,615.46234,626.4807
P32,177.5,615.4665,626.45496
P32,178.0,615.4706,626.3678
P32,178.5,615.47473,626.3148
P32,179.0,615.4789,626.30457
P32,179.5,615.48303,626.3364
P32,180.0,615.4863,626.362
