metrica,valor
archivo,C:\Users\JHONY CONTERON\Downloads\Perimetral 1-20260831T211605Z-1-001\ENTREGA_FINAL_MICRORELIEVE_PERFILES_20260923\NUBE_COMPLETA_FINAL_TERRENO_MICRORELIEVE_DEPURADO_UTM18S.laz
tamano_bytes,168076035
formato_las,1.2
formato_punto,2
crs,EPSG:32718
epsg,32718
xmin_m,187462.44
xmax_m,188093.11
ymin_m,9887273.68
ymax_m,9888025.52
zmin_m,594.1800000000001
zmax_m,664.21
ancho_m,630.6699999999837
alto_m,751.839999999851
puntos_total,13619241
puntos_ground,2810862
puntos_no_ground,10808379
retencion_ground_pct,20.638903445500375
exclusion_no_ground_pct,79.36109655449962
celda_m,2.0
celdas_soporte_total,94274
area_soporte_celdas_m2,377096.0
densidad_total_sobre_soporte_pts_m2,36.116111016823304
densidad_ground_sobre_mismo_soporte_pts_m2,7.453969281031886
celdas_con_ground,44429
cobertura_directa_ground_pct,47.12752190423659
elevacion_total_media_m,620.0646501989355
elevacion_total_sd_m,10.910255531381047
elevacion_ground_media_m,613.1703341964137
elevacion_ground_sd_m,7.8938037151734415
densidad_local_total_pts_m2,"{""p25"": 21.5, ""p50"": 30.5, ""p75"": 44.25, ""p95"": 75.25, ""p99"": 105.0}"
densidad_local_ground_pts_m2,"{""p25"": 0.0, ""p50"": 0.0, ""p75"": 18.75, ""p95"": 23.5, ""p99"": 30.5}"
advertencias,[]
